scenario,nref,policy_id,mean_revenue,std,standard_error,rank,regret_vs_plugin_best,paired_gap_mcse_vs_plugin_best,epsilon_optimal_plugin,epsilon_boundary_distance_mcse
BOOKING_EARLY,750,HYB_01,262937187.07165724,4340759.966098861,158502.14334318042,15,4403615.970014989,24544.87873010014,False,126.0255935850419
BOOKING_EARLY,750,HYB_02,263497776.65305713,4352554.868172025,158932.83227178286,13,3843026.3886151016,22099.926451350202,False,114.60188954063764
BOOKING_EARLY,750,HYB_03,263568248.8044731,4321708.342248558,157806.47640051946,11,3772554.2371991277,23750.332934011054,False,103.67101738990435
BOOKING_EARLY,750,HYB_04,266647376.71668684,4370527.592457795,159589.1033725253,2,693426.3249853849,13597.961414791414,True,45.36758965390314
BOOKING_EARLY,750,HYB_05,265505313.72592172,4348573.912957753,158787.46834036455,7,1835489.3157505095,21300.72071913862,False,24.654389121087746
BOOKING_EARLY,750,HYB_06,266142836.9215846,4588301.03086074,167541.06501510896,5,1197966.1200876236,15545.959326934755,True,7.228047888877512
BOOKING_EARLY,750,HYB_07,266561063.28882816,4464392.820208756,163016.57687949607,3,779739.7528440654,11116.934254245754,True,47.728383887360096
BOOKING_EARLY,750,HYB_08,267340803.04167223,4455250.730858688,162682.75497551207,1,0.0,0.0,True,
BOOKING_EARLY,750,INV_01,261562292.59091786,4237139.686792616,154718.46571711267,19,5778510.450754374,33771.82306512548,False,132.30489167128187
BOOKING_EARLY,750,INV_02,261427269.24936545,4230183.582802341,154464.464712591,20,5913533.792306781,34164.818665242026,False,134.73511388511042
BOOKING_EARLY,750,INV_03,261285352.67986023,4265130.773616921,155740.55569462985,22,6055450.3618119955,33128.79506261467,False,143.23241440753566
BOOKING_EARLY,750,INV_04,251346316.05682898,3361709.431996894,122752.27251217187,32,15994486.984843254,73669.04692436237,False,199.32596577961093
BOOKING_EARLY,750,INV_05,258690265.7101328,3717870.2249451736,135757.42587195185,27,8650537.331539422,55826.43172136916,False,131.4825978775301
BOOKING_EARLY,750,INV_06,264983382.80485654,4282726.195399557,156383.04965590767,8,2357420.236815691,28809.447407370386,False,36.34527116846269
BOOKING_EARLY,750,INV_07,257570345.01872218,3667594.8818608364,133921.62990571166,28,9770458.022950053,58298.248583624,False,145.11799530707094
BOOKING_EARLY,750,INV_08,254394984.5107724,3478787.0844444865,127027.34392719163,29,12945818.530899823,67324.1954248285,False,172.82769439569893
BOOKING_EARLY,750,STATIC_085,252733919.785875,3671982.3716311045,134081.8383802449,31,14606883.255797237,65811.83513549133,False,202.03889117878978
BOOKING_EARLY,750,STATIC_100,261050509.37625,4334309.53986144,158266.60707946317,23,6290293.665422231,31008.76659475473,False,160.59847435800182
BOOKING_EARLY,750,STATIC_115,263236515.386625,4762759.22043693,173911.3773999351,14,4104287.655047238,27467.11050138434,False,101.72000423288692
BOOKING_EARLY,750,STATIC_130,262059347.889625,5038730.782596594,183988.4340549209,17,5281455.152047217,46691.20449077594,False,85.0507528511174
BOOKING_EARLY,750,TIME_EARLY_DISCOUNT,253086524.7492315,3880813.3355877805,141707.2670245529,30,14254278.292440742,63733.52532629194,False,203.09476319709773
BOOKING_EARLY,750,TIME_FLAT_THEN_SURGE,259892909.14720833,4621676.161866924,168759.75248922742,25,7447893.894463897,30814.642471447383,False,199.17676609649666
BOOKING_EARLY,750,TIME_HIGH_EARLY_NORMALIZE,263825423.87996665,4619285.08540849,168672.44272169386,10,3515379.1617055833,21603.627872006982,False,102.06832464382217
BOOKING_EARLY,750,TIME_LATE_SURGE,259494521.9606819,4675008.347422438,170707.16856054784,26,7846281.080990344,33109.851439632024,False,197.40191327423648
BOOKING_EARLY,750,TIME_MILD_INCREASE,261407052.59315622,4463822.260520201,162995.7429853744,21,5933750.448516011,28205.06709279231,False,163.9215171771833
BOOKING_EARLY,750,TIME_MODERATE_INCREASE,260734578.82016838,4631307.397975792,169111.4355074598,24,6606224.221503854,29949.054664919036,False,176.8299942076626
BOOKING_EARLY,750,VEL_01,261785326.29642794,4379113.191917252,159902.60513876856,18,5555476.745244294,26111.28447545185,False,162.5788915384096
BOOKING_EARLY,750,VEL_02,262438795.15556014,4417197.156652698,161293.2349097576,16,4902007.886112094,21579.68854717598,False,166.43775092856322
BOOKING_EARLY,750,VEL_03,263538516.5851311,4477256.759332223,163486.3015219158,12,3802286.456541121,13698.56102536714,False,181.91351583171732
BOOKING_EARLY,750,VEL_04,264769660.82484615,4540397.065039762,165791.8595035019,9,2571142.2168260813,8521.537225633601,False,147.95560059893847
BOOKING_EARLY,750,VEL_05,265620772.75209513,4584197.421141262,167391.22237440528,6,1720030.2895770967,13055.666368155044,False,31.380798148700155
BOOKING_EARLY,750,VEL_06,266442918.61744344,4623690.120783497,168833.29187112715,4,897884.4242287874,22660.44667580621,True,18.20125791222024
BOOKING_EARLY,1500,HYB_01,262837046.61606926,4204708.68715107,108565.11147326497,15,4437289.1468684375,17981.517871662156,False,173.89833887244257
BOOKING_EARLY,1500,HYB_02,263401709.64365593,4219811.273555162,108955.0585774497,13,3872626.119281769,16170.469474665046,False,158.45508163600144
BOOKING_EARLY,1500,HYB_03,263472986.63444608,4194348.1658402085,108297.60396329834,11,3801349.1284916103,17268.539960054084,False,144.2516898170098
BOOKING_EARLY,1500,HYB_04,266578370.5132015,4262765.0072673885,110064.11921294889,2,695965.2497361898,9490.17630590776,True,64.73723870257375
BOOKING_EARLY,1500,HYB_05,265432705.14654252,4234624.880917914,109337.54427487099,7,1841630.6163951755,15153.256315565137,False,35.06160964677847
BOOKING_EARLY,1500,HYB_06,266092706.5550317,4489623.237842531,115921.57353939961,5,1181629.2079060078,11109.479413007004,True,11.585047857828108
BOOKING_EARLY,1500,HYB_07,266504762.88129,4366499.069800377,112742.52119044692,3,769572.881647706,7807.623962747186,True,69.26053041407907
BOOKING_EARLY,1500,HYB_08,267274335.7629377,4349784.518145156,112310.95332244695,1,0.0,0.0,True,
BOOKING_EARLY,1500,INV_01,261447052.44567382,4099780.332816888,105855.87301405672,19,5827283.317263871,24827.662407388405,False,181.93216036876808
BOOKING_EARLY,1500,INV_02,261311251.98319343,4093782.1239036587,105700.99992586998,20,5963083.779744267,25089.807384050277,False,185.4438597293017
BOOKING_EARLY,1500,INV_03,261169403.24329746,4126314.234185409,106540.975401458,22,6104932.519640237,24331.09635258247,False,197.05644955658133
BOOKING_EARLY,1500,INV_04,251210665.306295,3263453.393495323,84262.00429420978,32,16063670.456642687,52280.1170290566,False,282.19786481850696
BOOKING_EARLY,1500,INV_05,258557455.44805664,3608558.406064132,93172.57740335444,27,8716880.314881057,40083.61159183475,False,184.77744300387744
BOOKING_EARLY,1500,INV_06,264867444.68782437,4143693.11393754,106989.69614716296,8,2406891.0751133263,21197.37524429558,False,51.73083949755386
BOOKING_EARLY,1500,INV_07,257437006.23769978,3560112.6600204944,91921.71361921042,28,9837329.525237918,41746.88805300491,False,204.25466099006394
BOOKING_EARLY,1500,INV_08,254264222.7162844,3380329.476721477,87279.73178690876,29,13010113.0466533,47863.12914359335,False,244.44243820690747
BOOKING_EARLY,1500,STATIC_085,252598346.001375,3563478.835505618,92008.62789650571,31,14675989.761562705,46926.24192855347,False,284.82265260727775
BOOKING_EARLY,1500,STATIC_100,260936052.526875,4190773.022397785,108205.2941565463,23,6338283.2360627055,22772.959762128354,False,220.78597731696624
BOOKING_EARLY,1500,STATIC_115,263159142.33365625,4618676.065262609,119253.70321525924,14,4115193.4292814434,18964.51915388803,False,147.9004211991925
BOOKING_EARLY,1500,STATIC_130,262008272.972875,4911248.668947284,126807.89535944117,17,5266062.790062696,32246.894186675352,False,122.67009990425626
BOOKING_EARLY,1500,TIME_EARLY_DISCOUNT,252956007.65884203,3772122.135307676,97395.77473271327,30,14318328.104095668,45804.0855296307,False,283.99202593182514
BOOKING_EARLY,1500,TIME_FLAT_THEN_SURGE,259796049.97316667,4469544.824412306,115403.15113384277,25,7478285.78977102,21894.342625592195,False,281.71445184109245
BOOKING_EARLY,1500,TIME_HIGH_EARLY_NORMALIZE,263731679.64698914,4468258.62059525,115369.94149408753,10,3542656.115948558,15404.134997839587,False,144.91713151568646
BOOKING_EARLY,1500,TIME_LATE_SURGE,259407184.76244423,4528102.72826868,116915.10971000645,26,7867151.000493467,23274.40871328915,False,281.71791699131006
BOOKING_EARLY,1500,TIME_MILD_INCREASE,261297569.96265304,4313090.979334452,111363.53022426514,21,5976765.800284654,20547.68292212995,False,227.1026256044488
BOOKING_EARLY,1500,TIME_MODERATE_INCREASE,260636014.18604037,4481452.601058714,115710.60860478874,24,6638321.576897323,21222.334826518603,False,251.05571850927666
BOOKING_EARLY,1500,VEL_01,261680174.68117607,4237060.822392788,109400.44001330112,18,5594161.081761628,19158.89613745598,False,223.59472030360973
BOOKING_EARLY,1500,VEL_02,262343732.55339321,4278668.013553469,110474.73306961972,16,4930603.20954448,15804.892182106625,False,229.06009792726636
BOOKING_EARLY,1500,VEL_03,263460042.2300943,4349290.710277264,112298.20325812315,12,3814293.532843381,10041.116315159408,False,249.37072688639398
BOOKING_EARLY,1500,VEL_04,264708709.4924164,4426557.768581613,114293.23012494434,9,2565626.270521283,6071.66244596951,False,206.74621211416678
BOOKING_EARLY,1500,VEL_05,265573913.79233882,4481230.604163977,115704.8766696139,6,1700421.9705988765,9296.754010784107,False,41.95968953950257
BOOKING_EARLY,1500,VEL_06,266409116.31911096,4538597.841240609,117186.09236171875,4,865219.443826735,16334.63163970804,True,27.249687937405536
BOOKING_EARLY,3000,HYB_01,262903082.59897074,4151320.909741404,75792.40352360782,15,4439312.11000073,12765.13561776675,False,245.1191389666483
BOOKING_EARLY,3000,HYB_02,263469880.59618008,4166328.3020740096,76066.39976727108,13,3872514.112791389,11506.385655908414,False,222.6747069697325
BOOKING_EARLY,3000,HYB_03,263541423.13563418,4138872.6772784935,75565.13093290768,11,3800971.5733372867,12371.16003328395,False,201.3261899494555
BOOKING_EARLY,3000,HYB_04,266635202.8624125,4234063.5556248715,77303.07064420906,2,707191.8465589583,6849.582314020267,True,88.05518123166935
BOOKING_EARLY,3000,HYB_05,265489904.79099533,4204333.727401069,76760.28072591139,7,1852489.917976141,10836.87752841727,False,50.02888128736407
BOOKING_EARLY,3000,HYB_06,266174025.15367436,4469586.527899741,81603.11213506272,5,1168369.5552971065,7843.467904442364,True,18.09958362980469
BOOKING_EARLY,3000,HYB_07,266564732.51461482,4342919.941075536,79290.50723886926,3,777662.1943566501,5580.753472457891,True,95.447839947318
BOOKING_EARLY,3000,HYB_08,267342394.70897147,4319833.4755279785,78869.00797375382,1,0.0,0.0,True,
BOOKING_EARLY,3000,INV_01,261507513.0523378,4044252.055568669,73837.60263571989,19,5834881.656633675,17643.40961642586,False,256.44411689224233
BOOKING_EARLY,3000,INV_02,261371548.52172238,4037795.7019820814,73719.72628576643,21,5970846.187249094,17837.481389657845,False,261.27641155494103
BOOKING_EARLY,3000,INV_03,261232980.15639737,4068931.5895589767,74288.18721822678,22,6109414.552574098,17293.440821573822,False,277.50877014630447
BOOKING_EARLY,3000,INV_04,251255812.363446,3231016.9227918796,58990.028409801336,32,16086582.345525473,36732.774493081444,False,402.2633599247262
BOOKING_EARLY,3000,INV_05,258605338.1816838,3558265.886926928,64964.74972903351,27,8737056.527287662,28408.455232609074,False,261.42651572907545
BOOKING_EARLY,3000,INV_06,264935252.17036772,4095677.7382980287,74776.50285125236,8,2407142.538603753,15011.638023127305,False,73.06394401015604
BOOKING_EARLY,3000,INV_07,257485144.0404284,3510440.9876326346,64091.59052390359,28,9857250.66854307,29543.893157181305,False,289.2955767369576
BOOKING_EARLY,3000,INV_08,254312674.07481462,3338469.326720773,60951.831926135055,29,13029720.634156853,33730.52025564507,False,347.44164889108913
BOOKING_EARLY,3000,STATIC_085,252640719.43,3506998.1196160954,64028.73264139787,31,14701675.278971463,33275.27077749243,False,402.44126967249775
BOOKING_EARLY,3000,STATIC_100,261006163.17875,4132804.1600242145,75454.33547321508,23,6336231.530221462,16171.641940976664,False,310.7846741835962
BOOKING_EARLY,3000,STATIC_115,263254261.31657812,4591619.742898057,83831.1236223779,14,4088133.3923933506,13632.977016906123,False,203.75596103238328
BOOKING_EARLY,3000,STATIC_130,262100398.9621875,4909405.7052244805,89633.07495653353,17,5241995.746783972,22942.887781882364,False,171.36738520368365
BOOKING_EARLY,3000,TIME_EARLY_DISCOUNT,252995054.82425046,3703922.6246405193,67624.06575897842,30,14347339.88472101,32761.68081117122,False,397.934614566367
BOOKING_EARLY,3000,TIME_FLAT_THEN_SURGE,259894618.71839583,4422794.785706836,80748.81571159537,25,7447775.990575641,15646.05233903613,False,392.2678257110117
BOOKING_EARLY,3000,TIME_HIGH_EARLY_NORMALIZE,263818765.7584185,4433639.011540107,80946.80328184747,10,3523628.95055297,10846.965238240045,False,204.0474771845802
BOOKING_EARLY,3000,TIME_LATE_SURGE,259505377.87338436,4485311.934522086,81890.21746616269,26,7837016.835587114,16743.326897809,False,389.8080600612256
BOOKING_EARLY,3000,TIME_MILD_INCREASE,261380607.9870053,4258700.556622582,77752.8786840665,20,5961786.721966177,14545.6252926345,False,319.7836854590427
BOOKING_EARLY,3000,TIME_MODERATE_INCREASE,260730290.10902494,4431021.166785113,80899.0081943689,24,6612104.599946529,15205.819595174818,False,348.6672657255293
BOOKING_EARLY,3000,VEL_01,261751134.62818852,4182801.615394358,76367.15994401793,18,5591260.08078295,13573.160078689609,False,315.3964881710135
BOOKING_EARLY,3000,VEL_02,262415320.43366748,4228223.176859287,77196.44040439956,16,4927074.27530399,11176.983397416701,False,323.58831431731977
BOOKING_EARLY,3000,VEL_03,263532982.1464937,4306310.036208302,78622.10488140584,12,3809412.5624777675,7076.204811648513,False,353.1666437611658
BOOKING_EARLY,3000,VEL_04,264782843.36257333,4394642.998799771,80234.83675415943,9,2559551.346398145,4254.376386800494,False,293.6313513991577
BOOKING_EARLY,3000,VEL_05,265646926.38540438,4458830.52088986,81406.7352127962,6,1695468.3235670924,6610.578995225711,False,58.260443641017616
BOOKING_EARLY,3000,VEL_06,266478955.09727266,4528522.5705835745,82679.13213599681,4,863439.6116988063,11545.228913374747,True,38.708062892086375
BOOKING_LATE,750,HYB_01,265025506.44821426,4288954.923926961,156610.49066384335,12,4453531.989025623,47406.30307552592,False,66.30339694358254
BOOKING_LATE,750,HYB_02,266510410.9066532,4390730.112547338,160326.79510395825,9,2968627.5305866897,40384.276997235036,False,41.06287385357864
BOOKING_LATE,750,HYB_03,267646433.54971492,4437012.268390564,162016.7804883119,6,1832604.8875249624,35967.96774888016,False,14.520470897607858
BOOKING_LATE,750,HYB_04,266823569.10970914,4222940.786288376,154199.99517724974,8,2655469.3275307417,41013.80849231917,False,32.7971558457294
BOOKING_LATE,750,HYB_05,263715559.28391546,4047049.087607892,147777.3384409029,19,5763479.153324425,51695.69320458366,False,86.14152976187061
BOOKING_LATE,750,HYB_06,269479038.4372399,4787766.463429864,174824.51280581794,1,0.0,0.0,True,
BOOKING_LATE,750,HYB_07,267966011.99254584,4429888.389997232,161756.65322878177,4,1513026.4446940422,27654.091985349383,False,7.3295983184034865
BOOKING_LATE,750,HYB_08,269420724.1556787,4471468.9328008415,163274.9599785715,2,58314.28156119585,24973.4963298105,True,50.13390037523651
BOOKING_LATE,750,INV_01,262117971.73712078,4040064.6353656757,147522.3023045776,25,7361066.700119108,63621.37745659998,False,95.10535426029455
BOOKING_LATE,750,INV_02,262076580.0675895,4037927.669242947,147444.27133457476,26,7402458.369650394,63798.60023181278,False,95.4899525841218
BOOKING_LATE,750,INV_03,262366942.22406998,4112853.641536369,150180.18101244903,23,7112096.213169903,60734.22008840506,False,95.5270874663999
BOOKING_LATE,750,INV_04,242167250.11141345,2814041.6580480044,102754.27292480873,32,27311788.325826436,114616.47758436421,False,226.85617125257266
BOOKING_LATE,750,INV_05,251838594.4242966,3172024.3045678493,115825.95097109655,29,17640444.012943298,98253.35233834444,False,166.20410973996908
BOOKING_LATE,750,INV_06,263791959.1738644,3919965.761598452,143136.911485026,18,5687079.263375491,66021.61867056838,False,66.29262191575651
BOOKING_LATE,750,INV_07,250677685.44201624,3126397.367490598,114159.89079329127,30,18801352.99522364,99810.83312487921,False,175.24169861159604
BOOKING_LATE,750,INV_08,245362958.97123274,2914284.9464114956,106414.64027648735,31,24116079.466007143,109536.04059428492,False,208.2031291590778
BOOKING_LATE,750,STATIC_085,254053384.6214375,3537218.405499853,129160.95410098169,28,15425653.815802395,90811.99126508279,False,155.43454736080088
BOOKING_LATE,750,STATIC_100,262768098.175,4261358.514249687,155602.81225808355,21,6710940.262239873,54705.76357805546,False,98.72099117952921
BOOKING_LATE,750,STATIC_115,265220883.09475,4812841.145051835,175740.1107222589,11,4258155.342489898,30497.30747172001,False,96.6584439181114
BOOKING_LATE,750,STATIC_130,264155210.5335,5181643.889268119,189206.8828740633,15,5323827.903739899,33378.53282493701,False,120.24179930881141
BOOKING_LATE,750,TIME_EARLY_DISCOUNT,258986360.68465418,4031450.526351237,147207.7595165765,27,10492677.75258571,72706.4501521878,False,126.29339865698498
BOOKING_LATE,750,TIME_FLAT_THEN_SURGE,262422795.60475,4889712.228199848,178547.04580626034,22,7056242.832489878,37654.80162930742,False,152.59434455329813
BOOKING_LATE,750,TIME_HIGH_EARLY_NORMALIZE,264496672.27839157,4409118.400329464,160998.24043810272,13,4982366.1588483155,43289.898957448524,False,84.82424742724538
BOOKING_LATE,750,TIME_LATE_SURGE,262144039.2350747,5022767.450771947,183405.53559270097,24,7334999.202165186,36510.58929684195,False,165.0114736467716
BOOKING_LATE,750,TIME_MILD_INCREASE,263928451.36075026,4511440.372486573,164734.51059002697,16,5550587.076489627,43799.60201837169,False,96.81033211511392
BOOKING_LATE,750,TIME_MODERATE_INCREASE,263870939.07762522,4866974.4305051835,177716.77882590322,17,5608099.35961467,33800.68787577412,False,127.15026146298482
BOOKING_LATE,750,VEL_01,263632676.67095423,4322477.386497777,157834.5579260539,20,5846361.766285658,48771.181142738365,False,93.00633286753578
BOOKING_LATE,750,VEL_02,264386372.44263542,4375446.5980105,159768.72005930595,14,5092665.994604468,43395.104728935476,False,87.16035966843035
BOOKING_LATE,750,VEL_03,265613868.25413945,4463338.194486055,162978.0673929595,10,3865170.183100432,34165.49455242907,False,74.77828604525618
BOOKING_LATE,750,VEL_04,266920494.79119158,4561920.927336219,166577.79983046217,7,2558543.6460483074,23249.24987032008,False,53.68820905746809
BOOKING_LATE,750,VEL_05,267794252.73531324,4633401.618230613,169187.90561905643,5,1684785.7019266486,15948.356708622687,False,23.479073749519653
BOOKING_LATE,750,VEL_06,268681712.03053075,4711121.384564419,172025.8302313935,3,797326.4067091346,12456.09646546043,True,41.185186169249256
BOOKING_LATE,1500,HYB_01,265031596.39056832,4089632.868632104,105593.86661543068,12,4481460.278582692,33274.02539266485,False,95.30338402339822
BOOKING_LATE,1500,HYB_02,266519535.48218378,4185249.409052884,108062.6750732417,9,2993521.186967224,28277.007060788248,False,59.52497464698279
BOOKING_LATE,1500,HYB_03,267661933.24842235,4230137.797321274,109221.68827458547,6,1851123.4207286537,25156.23438616546,False,21.497269974746636
BOOKING_LATE,1500,HYB_04,266829351.72137615,4049604.5729110846,104560.34046406687,8,2683704.9477748573,28363.66193992022,False,48.420119098255974
BOOKING_LATE,1500,HYB_05,263710737.15746522,3875123.525634978,100055.2591952056,19,5802319.511685789,35855.724448576715,False,125.27947830329913
BOOKING_LATE,1500,HYB_06,269513056.669151,4593648.7569211405,118607.50089254654,1,0.0,0.0,True,
BOOKING_LATE,1500,HYB_07,267985683.6461521,4256393.943803628,109899.61906166373,4,1527373.0229988992,19099.496680850792,False,11.363648374841944
BOOKING_LATE,1500,HYB_08,269443029.03160113,4289008.961433904,110741.73519578586,2,70027.63754987717,17212.97969964126,True,72.05640410168046
BOOKING_LATE,1500,INV_01,262109272.75569612,3859934.288841838,99663.07478759605,25,7403783.91345489,44622.87701535534,False,136.55441474060046
BOOKING_LATE,1500,INV_02,262068207.54354027,3857955.3360263477,99611.97844561389,26,7444849.125610739,44745.88976281589,False,137.09675010479532
BOOKING_LATE,1500,INV_03,262362690.6781571,3926079.41931036,101370.93471251141,23,7150365.990993917,42710.751406799136,False,136.73449283973474
BOOKING_LATE,1500,INV_04,242108395.99590975,2702481.8404151015,69777.78107570439,32,27404660.673241258,79014.31631931015,False,330.24809718290084
BOOKING_LATE,1500,INV_05,251790600.29579508,3043840.0302205123,78591.61163709016,29,17722456.373355925,67855.6607728224,False,241.86815260294495
BOOKING_LATE,1500,INV_06,263776173.5394803,3754031.7640885725,96928.68335632462,18,5736883.129670709,45942.48069537613,False,96.34982709009374
BOOKING_LATE,1500,INV_07,250628187.53641325,2999652.8805871345,77450.70433944718,30,18884869.132737756,68978.48046355952,False,254.7828823721467
BOOKING_LATE,1500,INV_08,245304748.54805672,2802481.6794223464,72359.76581636094,31,24208308.121094286,75643.44882853277,False,302.7092949505483
BOOKING_LATE,1500,STATIC_085,254037863.7850625,3374827.4915111642,87137.67113963794,28,15475192.884088516,63111.106015474776,False,224.44321958220885
BOOKING_LATE,1500,STATIC_100,262771485.040625,4061447.1393905706,104866.11421574288,21,6741571.628526002,38608.747883047414,False,140.67378166204495
BOOKING_LATE,1500,STATIC_115,265233772.64621875,4587344.307408105,118444.72070607325,11,4279284.022932261,21756.623775009215,False,136.46193430808424
BOOKING_LATE,1500,STATIC_130,264177544.4790625,4967414.075658674,128258.07992494904,15,5335512.1900885105,23474.40206636571,False,171.47099722188733
BOOKING_LATE,1500,TIME_EARLY_DISCOUNT,258990852.41035438,3840862.4414849402,99170.64180629823,27,10522204.258796632,51296.99659820253,False,179.57915299349457
BOOKING_LATE,1500,TIME_FLAT_THEN_SURGE,262440724.22264582,4656011.905772762,120217.7104720091,22,7072332.446505189,27218.716843959643,False,211.6925430745512
BOOKING_LATE,1500,TIME_HIGH_EARLY_NORMALIZE,264498830.4563228,4208492.954213333,108662.82082866329,13,5014226.212828219,30527.396341075517,False,121.33013614604502
BOOKING_LATE,1500,TIME_LATE_SURGE,262167757.52511707,4793193.382645974,123759.72097426301,24,7345299.144033939,26142.15364092151,False,230.85190946188456
BOOKING_LATE,1500,TIME_MILD_INCREASE,263939749.33607212,4290959.002011757,110792.08502700223,16,5573307.333078891,31169.1987021742,False,136.7688119040506
BOOKING_LATE,1500,TIME_MODERATE_INCREASE,263893620.80554697,4636634.027429392,119717.37580461771,17,5619435.863604039,24230.435165036837,False,177.83844060880028
BOOKING_LATE,1500,VEL_01,263639270.33934444,4119309.114984122,106360.10400142612,20,5873786.329806566,34378.233067517715,False,132.74251943847273
BOOKING_LATE,1500,VEL_02,264394360.96108466,4171064.305995596,107696.4172872076,14,5118695.708066344,30507.14859279917,False,124.8350903035235
BOOKING_LATE,1500,VEL_03,265625723.2425824,4261952.36544825,110043.13689140254,10,3887333.4265685976,23841.77280918307,False,108.087615321742
BOOKING_LATE,1500,VEL_04,266941629.68738317,4367485.553388166,112767.99208715901,7,2571426.9817678332,16144.723344482036,False,78.1118323478489
BOOKING_LATE,1500,VEL_05,267822004.24023828,4445357.303678304,114778.6320339172,5,1691052.428912729,11116.011786461175,False,34.24963715810187
BOOKING_LATE,1500,VEL_06,268713566.708551,4533317.082652482,117049.74376127103,3,799489.9606000185,8878.721253616271,True,57.53566120494738
BOOKING_LATE,3000,HYB_01,264932797.2154727,4127686.2838864024,75360.89626630851,12,4481195.825152874,22897.5038987915,False,138.4807173998987
BOOKING_LATE,3000,HYB_02,266416308.83352908,4212331.363276796,76906.296911773,9,2997684.2070964873,19465.602027986224,False,86.68373811862006
BOOKING_LATE,3000,HYB_03,267556143.3824495,4250608.90502702,77605.14601385444,6,1857849.6581760645,17318.351227441555,False,31.61482247381925
BOOKING_LATE,3000,HYB_04,266726574.88420197,4095007.342834976,74764.26316066692,8,2687418.1564235985,19674.9044950314,False,69.9919584458522
BOOKING_LATE,3000,HYB_05,263614154.50299165,3930734.1654563355,71765.05899922263,19,5799838.537633926,24831.504040319604,False,180.79877367729884
BOOKING_LATE,3000,HYB_06,269413993.0406256,4597352.505197454,83935.78906331773,1,0.0,0.0,True,
BOOKING_LATE,3000,HYB_07,267884019.0932706,4290573.211949645,78334.79109374048,4,1529973.9473549724,13327.032776672511,False,16.480854549872443
BOOKING_LATE,3000,HYB_08,269339143.12643605,4314320.3670758605,78768.35284504724,2,74849.9141895175,11937.72594206593,True,103.49401137097315
BOOKING_LATE,3000,INV_01,262015887.90928218,3916613.1936482126,71507.24650611584,25,7398105.1313433945,30692.26209870676,False,198.3487581718083
BOOKING_LATE,3000,INV_02,261974933.70449832,3914732.990478811,71472.91884983005,26,7439059.336127251,30775.18757427379,False,199.14505030244717
BOOKING_LATE,3000,INV_03,262267891.68430611,3977943.62654314,72626.98189138614,23,7146101.356319457,29372.0879446896,False,198.68414900321378
BOOKING_LATE,3000,INV_04,242061289.52444974,2760727.313206327,50403.75415212451,32,27352703.516175836,54857.8147912059,False,474.7248966571917
BOOKING_LATE,3000,INV_05,251726188.66107044,3110183.420131258,56783.92057281524,29,17687804.379555136,46807.95790111748,False,349.88647348323855
BOOKING_LATE,3000,INV_06,263684874.0939627,3815065.974650547,69653.25642288456,18,5729118.946662873,31666.856397286017,False,139.53977094045658
BOOKING_LATE,3000,INV_07,250565402.49035734,3065584.2039050576,55969.654013677224,30,18848590.550268233,47601.415760032665,False,368.4398291870247
BOOKING_LATE,3000,INV_08,245249958.26284322,2863847.492635148,52286.462432362685,31,24164034.77778235,52386.100630784415,False,436.2550646835364
BOOKING_LATE,3000,STATIC_085,253952776.52645314,3444161.402532897,62881.496395196606,28,15461216.514172435,43241.20350526027,False,327.2546161641809
BOOKING_LATE,3000,STATIC_100,262673389.0171875,4101677.688341497,74886.04645067608,21,6740604.023438066,26562.459641291418,False,204.4340410560265
BOOKING_LATE,3000,STATIC_115,265128495.8002656,4598353.637139645,83954.06714824363,11,4285497.240359962,15197.06242525692,False,195.77232089499788
BOOKING_LATE,3000,STATIC_130,264082801.01775,4952236.935719771,90415.06266013267,15,5331192.022875577,16315.255611744455,False,246.4478068857182
BOOKING_LATE,3000,TIME_EARLY_DISCOUNT,258897081.088881,3892326.9378343793,71063.8421678966,27,10516911.951744586,35295.8928395252,False,260.83994914143625
BOOKING_LATE,3000,TIME_FLAT_THEN_SURGE,262342976.1838646,4658727.69216426,85056.34154241162,22,7071016.856760979,19028.11818531949,False,302.7458491730513
BOOKING_LATE,3000,TIME_HIGH_EARLY_NORMALIZE,264398622.51451448,4240598.531956639,77422.38244253144,13,5015370.526111096,21060.56698408841,False,175.92296875620966
BOOKING_LATE,3000,TIME_LATE_SURGE,262073088.51839575,4782122.5489338515,87309.21309350576,24,7340904.5222298205,18206.312731355472,False,331.23519037781523
BOOKING_LATE,3000,TIME_MILD_INCREASE,263835410.37681112,4315318.07923156,78786.5684934997,16,5578582.663814455,21602.096942853823,False,197.58496670598373
BOOKING_LATE,3000,TIME_MODERATE_INCREASE,263792082.95431396,4641788.043166428,84747.06728000054,17,5621910.086311609,16881.853795763487,False,255.3971311380716
BOOKING_LATE,3000,VEL_01,263540584.51967126,4155758.121222678,75873.41555096497,20,5873408.520954311,23650.732860387157,False,192.93590136548372
BOOKING_LATE,3000,VEL_02,264295811.14782,4204894.667615116,76770.52204619955,14,5118181.892805576,21005.612940913852,False,181.27768253824948
BOOKING_LATE,3000,VEL_03,265526433.11361104,4291063.326442063,78343.73931918241,10,3887559.9270145297,16417.364192459958,False,156.9817687066313
BOOKING_LATE,3000,VEL_04,266844233.96778393,4390906.862171475,80166.62454385147,7,2569759.0728416443,11142.167551784625,False,113.03240670247091
BOOKING_LATE,3000,VEL_05,267723156.51791412,4463292.253195391,81488.19492710583,5,1690836.5227114558,7757.91455152338,False,49.04713265441785
BOOKING_LATE,3000,VEL_06,268612694.49795365,4546945.980485244,83015.49604230709,3,801298.5426719189,6313.991008412812,True,80.62008882038151
CAP_HIGH,750,HYB_01,264395092.7641184,4208121.667242162,153658.8774583187,15,4551605.513551265,24720.13983780437,False,131.11869415937346
CAP_HIGH,750,HYB_02,265502188.295343,4252499.968768451,155279.34391229966,9,3444509.9823266566,20778.23756359438,False,102.71212451072874
CAP_HIGH,750,HYB_03,266280443.85940522,4259876.519895882,155548.69747557194,7,2666254.4182644486,19992.197152015156,False,67.82252842812355
CAP_HIGH,750,HYB_04,267250444.302481,4250980.330200298,155223.85455743084,5,1696253.9751886725,15010.55539243255,False,25.70996918621555
CAP_HIGH,750,HYB_05,265078946.1392596,4151213.3323402586,151580.87887592998,10,3867752.1384100616,24662.24936164269,False,103.69772206611361
CAP_HIGH,750,HYB_06,268271669.8645592,4571802.659572598,166938.62967400157,2,675028.4131104648,18425.37208397548,True,34.47988146862493
CAP_HIGH,750,HYB_07,267695793.70509306,4400875.102467803,160697.237758965,4,1250904.5725766122,9503.66436338141,True,6.253218099075744
CAP_HIGH,750,HYB_08,268946698.27766967,4396047.560795526,160520.96086088484,1,0.0,0.0,True,
CAP_HIGH,750,INV_01,262224844.5921241,4056367.463018895,148117.59740169675,22,6721853.685545564,37312.32862825791,False,145.03304473111828
CAP_HIGH,750,INV_02,262153185.50968832,4052147.8648139597,147963.51946033334,24,6793512.76798135,37574.834578234804,False,145.9269154727358
CAP_HIGH,750,INV_03,262206164.89571404,4094654.67089424,149515.6485628445,23,6740533.381955624,35697.39229271654,False,152.11756306586898
CAP_HIGH,750,INV_04,247324570.70546982,3155928.4745419626,115238.21435863341,32,21622127.57219985,84410.2379485227,False,240.6318831372763
CAP_HIGH,750,INV_05,256343711.0665418,3479667.8365804944,127059.50444802245,28,12602987.211127877,66645.67879275756,False,169.44315606211228
CAP_HIGH,750,INV_06,265031081.2691559,4041818.0781310676,147586.32898163758,11,3915617.0085137784,35040.86983920677,False,74.34986522559183
CAP_HIGH,750,INV_07,255178557.42904687,3435203.408608015,125435.89310088307,29,13768140.848622799,68899.20434797404,False,180.81207044313084
CAP_HIGH,750,INV_08,250534806.596996,3253334.932343812,118794.9953042833,31,18411891.68067366,78725.73463751485,False,217.22958446605682
CAP_HIGH,750,STATIC_085,253965249.1138125,3604520.192872247,131618.46790793346,30,14981449.163857162,66788.72662310104,False,204.69197118286297
CAP_HIGH,750,STATIC_100,262244135.35375,4178856.650940303,152590.2701533664,21,6702562.923919678,32480.598773121328,False,166.01386886379262
CAP_HIGH,750,STATIC_115,264491032.1260625,4615547.810847775,168535.97674966094,14,4455666.151607156,26281.932628496266,False,119.67662871243985
CAP_HIGH,750,STATIC_130,263334602.191375,4909733.232370221,179278.10951346156,17,5612096.086294681,40661.9663838273,False,105.79328572325008
CAP_HIGH,750,TIME_EARLY_DISCOUNT,256663288.57913342,3868963.2020617756,141274.5613284435,27,12283409.698536247,57345.92445175764,False,191.3488490221501
CAP_HIGH,750,TIME_FLAT_THEN_SURGE,261430901.3415,4536737.125839606,165658.21741956702,25,7515796.936169654,33834.312696251276,False,183.40741640884428
CAP_HIGH,750,TIME_HIGH_EARLY_NORMALIZE,264509109.72369584,4395411.313950137,160497.72841092743,13,4437588.553973824,21343.68448853683,False,146.51900879963563
CAP_HIGH,750,TIME_LATE_SURGE,261217656.49078244,4625474.048506248,168898.43170144112,26,7729041.7868872285,35660.92333595175,False,179.99277999161964
CAP_HIGH,750,TIME_MILD_INCREASE,262984800.94624373,4331888.786278333,158178.21365655455,19,5961897.331425935,29024.122228762604,False,160.26545906132634
CAP_HIGH,750,TIME_MODERATE_INCREASE,262691420.44474962,4549375.886458882,166119.71970557273,20,6255277.832920045,31036.700926296766,False,159.3257217022394
CAP_HIGH,750,VEL_01,263031704.87675378,4230426.968574925,154473.35190444568,18,5914993.400915891,26942.349463587394,False,170.9078990515598
CAP_HIGH,750,VEL_02,263725788.6091324,4277431.442127822,156189.71260235077,16,5220909.668537259,21884.50715758163,False,178.69155479707644
CAP_HIGH,750,VEL_03,264879530.01438546,4356711.395451801,159084.6071885841,12,4067168.2632842064,13252.615391873018,False,208.0219732622398
CAP_HIGH,750,VEL_04,266149432.73133695,4454868.246417649,162668.7886184286,8,2797265.546332717,6592.683417350819,False,225.54283189726874
CAP_HIGH,750,VEL_05,267012710.19559294,4524447.355901839,165209.45847146946,6,1933988.0820767283,11459.950667582,False,54.420393384386784
CAP_HIGH,750,VEL_06,267874669.30550167,4596228.463975414,167830.53394444365,3,1072028.9721679986,21545.011187272135,True,11.060754823558934
CAP_HIGH,1500,HYB_01,264378384.50119063,4235856.839759926,109369.35331539316,15,4547788.908960134,17887.326413574432,False,180.99160128939258
CAP_HIGH,1500,HYB_02,265484906.96051213,4284237.209401679,110618.52908809895,9,3441266.449638635,14928.352846272179,False,142.7440396808084
CAP_HIGH,1500,HYB_03,266260655.08902866,4292864.039825939,110841.27289185702,7,2665518.32112211,14137.71668389309,False,95.85602066030961
CAP_HIGH,1500,HYB_04,267234167.5479277,4258393.99968382,109951.2602824335,5,1692005.862223059,10866.546688269718,False,35.12365193753957
CAP_HIGH,1500,HYB_05,265061994.33056405,4154402.910802383,107266.22191315498,10,3864179.0795867145,17693.760701042156,False,144.33596475932018
CAP_HIGH,1500,HYB_06,268240848.44540346,4585182.832553541,118388.91166530678,2,685324.9647473097,13405.762062503327,True,46.62234723545655
CAP_HIGH,1500,HYB_07,267673726.58751652,4399672.008944768,113599.04279612012,4,1252446.82263425,6843.91404168368,True,8.458060050789216
CAP_HIGH,1500,HYB_08,268926173.41015077,4404933.997796948,113734.90676406959,1,0.0,0.0,True,
CAP_HIGH,1500,INV_01,262207387.14397413,4080442.921818316,105356.58320901514,22,6718786.266176641,26970.703213586814,False,200.5306708084207
CAP_HIGH,1500,INV_02,262136022.65042084,4076892.500525332,105264.91172541682,24,6790150.759729922,27150.447458266535,False,201.83157973995836
CAP_HIGH,1500,INV_03,262188320.69810283,4122948.1721383543,106454.06405312104,23,6737852.7120479345,25841.30119735798,False,210.03275384683783
CAP_HIGH,1500,INV_04,247299944.78209066,3114866.7785619977,80425.51439350242,32,21626228.628060102,60336.83615939438,False,336.7080023190061
CAP_HIGH,1500,INV_05,256323002.46204612,3466916.265796577,89515.39306750499,28,12603170.94810465,47575.06295155546,False,237.36884806695105
CAP_HIGH,1500,INV_06,265019350.18001938,4061836.289091289,104876.16201780998,11,3906823.2301313877,25429.631731653022,False,102.10490654955923
CAP_HIGH,1500,INV_07,255156041.54692656,3420901.2674987842,88327.29092028424,29,13770131.863224208,49113.51711683276,False,253.6938817678889
CAP_HIGH,1500,INV_08,250512376.6880886,3225236.594072836,83275.25077615217,31,18413796.72206217,56118.17000760404,False,304.7758624553044
CAP_HIGH,1500,STATIC_085,253931363.95996875,3596027.65699055,92849.03485350452,30,14994809.45018202,47573.591813540676,False,287.6485854848953
CAP_HIGH,1500,STATIC_100,262224720.374375,4212655.116302534,108770.28739170122,21,6701453.035775781,23469.1866991529,False,229.7105582013679
CAP_HIGH,1500,STATIC_115,264464913.41015625,4651020.012662702,120088.8203461337,14,4461259.999994516,19148.858011013537,False,164.54907857173515
CAP_HIGH,1500,STATIC_130,263297870.1835625,4932298.544881423,127351.40081899217,17,5628303.226588279,29815.652832962904,False,144.82225803331286
CAP_HIGH,1500,TIME_EARLY_DISCOUNT,256640514.23755953,3898985.735758592,100671.37881128865,27,12285659.17259124,40691.813663217996,False,269.7182830150126
CAP_HIGH,1500,TIME_FLAT_THEN_SURGE,261402589.564875,4583074.193430721,118334.46683726781,25,7523583.84527576,24419.17551766876,False,254.4414647496532
CAP_HIGH,1500,TIME_HIGH_EARLY_NORMALIZE,264492524.76340804,4424982.819187969,114252.56510645966,13,4433648.646742731,15570.10007019994,False,200.59701441092756
CAP_HIGH,1500,TIME_LATE_SURGE,261183491.79698056,4672732.055297711,120649.42287638393,26,7742681.613170207,26057.146664973177,False,246.85544573594925
CAP_HIGH,1500,TIME_MILD_INCREASE,262968195.30554357,4376589.155995316,113003.04609574555,19,5957978.104607195,20721.012012456496,False,224.29623819686026
CAP_HIGH,1500,TIME_MODERATE_INCREASE,262662626.07588348,4594537.930840911,118630.45926443423,20,6263547.334267288,22524.40757033191,False,219.9043087024486
CAP_HIGH,1500,VEL_01,263013245.65839526,4262183.277899192,110049.09902524872,18,5912927.751755506,19500.764972695077,False,236.0212381216223
CAP_HIGH,1500,VEL_02,263708484.02341202,4307041.2363669,111207.32653251737,16,5217689.386738747,15900.237563211786,False,245.74200936455864
CAP_HIGH,1500,VEL_03,264862645.05285692,4381117.498245176,113119.96738987646,12,4063528.357293844,9743.043001072898,False,282.580637118138
CAP_HIGH,1500,VEL_04,266128760.1381339,4467312.445561203,115345.51135975779,8,2797413.272016853,4672.312208633118,False,318.27500968105204
CAP_HIGH,1500,VEL_05,266986622.47773138,4525935.685577403,116859.1569083142,6,1939550.9324193895,7902.317297727446,False,79.62447597733014
CAP_HIGH,1500,VEL_06,267841563.7606387,4587999.936496749,118461.64897635063,3,1084609.6495120525,14994.336494923045,True,15.053911131421222
CAP_HIGH,3000,HYB_01,264316686.92445332,4223854.239042634,77116.67487791562,15,4561646.024388909,12842.158696702945,False,253.17495621996878
CAP_HIGH,3000,HYB_02,265422271.84872907,4276019.803793562,78069.08342921827,9,3456061.1001131535,10703.195465882683,False,200.47546065766886
CAP_HIGH,3000,HYB_03,266195008.62618822,4286963.824796232,78268.89300165071,7,2683324.322654009,10127.544920226534,False,135.56999992472487
CAP_HIGH,3000,HYB_04,267193508.3706235,4231114.015761916,77249.21966030233,5,1684824.5782187283,7822.009226490342,False,47.87663997751495
CAP_HIGH,3000,HYB_05,265024051.7920021,4122312.229547567,75262.77990675389,10,3854281.156840116,12749.180846356297,False,199.53816083689202
CAP_HIGH,3000,HYB_06,268195504.98846298,4582872.296784589,83671.41783714766,2,682827.9603792429,9743.08165294504,True,64.40519750877087
CAP_HIGH,3000,HYB_07,267634505.59930265,4376152.466337452,79897.24736316298,4,1243827.349539578,4904.735090634464,True,13.559490535720055
CAP_HIGH,3000,HYB_08,268878332.9488422,4388021.401316425,80113.9434772145,1,0.0,0.0,True,
CAP_HIGH,3000,INV_01,262140642.97157633,4067246.465535409,74257.42120356338,22,6737689.977265894,19310.138050636546,False,281.0625643614047
CAP_HIGH,3000,INV_02,262069066.38142374,4064092.999824592,74199.84706009227,24,6809266.567418486,19435.51080370716,False,282.93228638932203
CAP_HIGH,3000,INV_03,262120475.35393408,4111899.5486379224,75072.67123281003,23,6757857.594908148,18518.17505959269,False,294.1717809015419
CAP_HIGH,3000,INV_04,247258326.8814462,3079159.222430715,56217.49880917899,32,21620006.067396015,42851.52212164215,False,473.95452957684716
CAP_HIGH,3000,INV_05,256272220.08362767,3433805.13967269,62692.417769196996,28,12606112.865214556,33783.00078487193,False,334.36283172605465
CAP_HIGH,3000,INV_06,264955296.88290933,4041043.0470415717,73779.01442380263,11,3923036.0659328997,18192.319202489347,False,143.6157192643223
CAP_HIGH,3000,INV_07,255107186.9753326,3387991.3406905187,61855.97606427891,29,13771145.97350964,34841.01818718722,False,357.64778308088745
CAP_HIGH,3000,INV_08,250470464.56396407,3185356.871913252,58156.39374836607,31,18407868.38487816,39864.64605693994,False,428.8896808935906
CAP_HIGH,3000,STATIC_085,253859870.2894375,3579359.8975545364,65349.87191066666,30,15018462.659404725,33830.12783037842,False,405.20478283602563
CAP_HIGH,3000,STATIC_100,262155985.9840625,4206376.567885248,76797.57771973037,21,6722346.964779735,16855.235060578456,False,321.08801133579385
CAP_HIGH,3000,STATIC_115,264403971.10221875,4647004.147940104,84842.29988822897,14,4474361.84662348,13944.712201090135,False,226.89810606452536
CAP_HIGH,3000,STATIC_130,263243840.68125,4929832.131169459,90006.00876517598,17,5634492.2675922215,21805.42863845011,False,198.30654470080276
CAP_HIGH,3000,TIME_EARLY_DISCOUNT,256561443.7485059,3907801.2399574406,71346.36297904495,27,12316889.200336337,29120.0527175025,False,377.9717107153325
CAP_HIGH,3000,TIME_FLAT_THEN_SURGE,261338414.72303125,4581679.229101064,83649.63550105107,25,7539918.225810975,17573.5294086707,False,354.48685476669675
CAP_HIGH,3000,TIME_HIGH_EARLY_NORMALIZE,264428821.86467004,4414122.163114082,80590.4760107027,13,4449511.084172189,11216.331794176383,False,279.8756387735273
CAP_HIGH,3000,TIME_LATE_SURGE,261115858.2703375,4666852.182229495,85204.67375831013,26,7762474.678504735,18826.991789718268,False,342.70698643673427
CAP_HIGH,3000,TIME_MILD_INCREASE,262896752.6453982,4374722.048044009,79871.13161763009,19,5981580.303444028,14866.849645021228,False,314.2055887023204
CAP_HIGH,3000,TIME_MODERATE_INCREASE,262591272.12121704,4596788.559572675,83925.49287198781,20,6287060.827625185,16264.435422092862,False,305.98835064903494
CAP_HIGH,3000,VEL_01,262948633.0138699,4253645.20849961,77660.58107730007,18,5929699.934972316,14011.272676013157,False,329.6893139692636
CAP_HIGH,3000,VEL_02,263647537.89403248,4296870.791473738,78449.76863917477,16,5230795.054809749,11417.129163588332,False,343.3842203284948
CAP_HIGH,3000,VEL_03,264806863.7936049,4370308.622955018,79790.55386839343,12,4071469.155237317,6973.068041376353,False,395.9714834664184
CAP_HIGH,3000,VEL_04,266078893.77109355,4453484.643222294,81309.13328652323,8,2799439.17774868,3307.4978837738845,False,450.22133694257934
CAP_HIGH,3000,VEL_05,266944065.66244093,4511390.922040868,82366.35245752711,6,1934267.2864013016,5596.081284641359,False,111.49484721254156
CAP_HIGH,3000,VEL_06,267806359.47043568,4572718.536394651,83486.03638351194,3,1071973.4784065485,10657.42833446464,True,22.36558132921052
CAP_LOW,750,HYB_01,263631613.31406787,4161495.3058434124,151956.32346415316,15,4600250.622247636,25870.09513186639,False,127.17067899815784
CAP_LOW,750,HYB_02,264752214.32400614,4225517.228757081,154294.07355446467,9,3479649.6123093665,21994.292229000683,False,98.63088710205248
CAP_LOW,750,HYB_03,265486877.67826205,4239507.549973168,154804.9278555843,8,2744986.258053452,21243.938444551462,False,67.53235532181436
CAP_LOW,750,HYB_04,266374851.39388925,4228252.296199032,154393.94409674834,6,1857012.5424262583,15543.923604163509,False,35.169980100685635
CAP_LOW,750,HYB_05,264182234.8398354,4125310.928487834,150635.0568170245,11,4049629.0964801013,25071.655896465698,False,109.25868036841574
CAP_LOW,750,HYB_06,267891047.2208666,4611303.734300397,168381.0049856091,2,340816.71544891596,19685.522977577515,True,49.25022028810951
CAP_LOW,750,HYB_07,267073561.43107447,4396945.821113477,160553.76069012843,4,1158302.5052410364,10080.856573125755,True,15.081114609398092
CAP_LOW,750,HYB_08,268231863.9363155,4390593.369617373,160321.8019581368,1,0.0,0.0,True,
CAP_LOW,750,INV_01,261304549.69481143,3978427.6620743917,145271.63826137898,23,6927314.241504073,38347.39248856716,False,146.4762221993963
CAP_LOW,750,INV_02,261230302.1502415,3974782.726706535,145138.5440399374,24,7001561.7860740125,38608.64872764301,False,147.40813043316788
CAP_LOW,750,INV_03,261346200.78019378,4025681.3677710453,146997.09963043014,22,6885663.156121731,36949.41737875294,False,150.89087983147652
CAP_LOW,750,INV_04,245005797.74899513,2895547.561229044,105730.44770761457,32,23226066.18732038,83671.5174779201,False,261.92584752060253
CAP_LOW,750,INV_05,254513847.57151148,3297549.2103994116,120409.47246794045,28,13718016.36480403,66253.05708811207,False,187.2771439017735
CAP_LOW,750,INV_06,263921664.71532956,3959614.54714282,144584.68043304837,14,4310199.220985949,35815.79630391682,False,83.75818694492166
CAP_LOW,750,INV_07,253305399.18177086,3245324.196921647,118502.48460475492,29,14926464.754544646,68348.19247712071,False,199.2171438991798
CAP_LOW,750,INV_08,248369459.9782937,3022037.5392857534,110349.20865961412,31,19862403.95802182,77861.98918458277,False,238.26864807499692
CAP_LOW,750,STATIC_085,252531307.7285625,3431023.8396555395,125283.27682115513,30,15700556.207753003,67024.19658495052,False,214.7019118824157
CAP_LOW,750,STATIC_100,261498039.5225,4126985.944703092,150696.21976137676,21,6733824.413815498,33927.39994704297,False,159.85579100372374
CAP_LOW,750,STATIC_115,264073867.3835625,4661823.712270329,170225.73375486213,12,4157996.5527530015,28926.55116492569,False,98.4446254216655
CAP_LOW,750,STATIC_130,263089794.825,5022667.070765487,183401.87023311024,17,5142069.111315519,45818.80363112093,False,83.62802493890712
CAP_LOW,750,TIME_EARLY_DISCOUNT,255599884.8788001,3780865.881397941,138057.7020095536,27,12631979.057515413,58635.392663757084,False,193.08553221188106
CAP_LOW,750,TIME_FLAT_THEN_SURGE,260986675.145625,4604641.054824193,168137.71832943952,25,7245188.790690511,37100.916847596134,False,159.9652039999059
CAP_LOW,750,TIME_HIGH_EARLY_NORMALIZE,263929419.4847747,4368981.807668824,159532.6592926608,13,4302444.451540798,22343.894376976732,False,133.91181243868732
CAP_LOW,750,TIME_LATE_SURGE,260816428.89499006,4700754.127763807,171647.27153745058,26,7415435.04132545,39164.031385479124,False,155.88543280066395
CAP_LOW,750,TIME_MILD_INCREASE,262375694.93753785,4320957.679535959,157779.06607380154,18,5856168.998777658,30444.770490903422,False,149.31417996909045
CAP_LOW,750,TIME_MODERATE_INCREASE,262236409.93783724,4600141.005605779,167973.39976498557,20,5995453.998478264,34011.13491642776,False,137.75256107769715
CAP_LOW,750,VEL_01,262349818.24763498,4187805.4001918365,152917.03227513455,19,5882045.68868053,28196.39320918176,False,162.1382066912929
CAP_LOW,750,VEL_02,263100735.23230717,4243575.818233981,154953.4800086796,16,5131128.704008341,22926.17228702063,False,166.65650059649022
CAP_LOW,750,VEL_03,264350253.48859924,4344896.767232568,158653.19796297004,10,3881610.447716266,13796.278881090151,False,186.3747037369137
CAP_LOW,750,VEL_04,265718991.6823221,4464569.022529253,163023.01087853746,7,2512872.253993392,6574.0219556165375,False,182.92290526726163
CAP_LOW,750,VEL_05,266644112.45910245,4543325.587964184,165898.794041227,5,1587751.477213055,11578.965220498465,False,23.95882648828461
CAP_LOW,750,VEL_06,267566076.696668,4629050.356405797,169029.02000205228,3,665787.2396475077,22176.231763908097,True,29.064713328922867
CAP_LOW,1500,HYB_01,263473136.2181051,4169216.59470436,107648.70958681055,15,4610777.0693517625,18549.89541430428,False,177.92251314934418
CAP_LOW,1500,HYB_02,264591728.90207767,4235575.073846469,109362.07815079083,9,3492184.385379195,15583.626993188222,False,140.0092114468382
CAP_LOW,1500,HYB_03,265324973.8157521,4253856.577142744,109834.10453619156,8,2758939.471704781,14899.659930695443,False,97.22412591036345
CAP_LOW,1500,HYB_04,266231796.64548802,4201767.529509334,108489.17110949822,6,1852116.6419688463,11113.048270032525,False,48.75202286744055
CAP_LOW,1500,HYB_05,264049458.36082128,4087224.486582005,105531.68245828843,11,4034454.926635593,18248.981927990906,False,149.27527896095907
CAP_LOW,1500,HYB_06,267750157.0804195,4595783.79090288,118662.62723291229,2,333756.2070373595,13714.921403644346,True,71.20542821954439
CAP_LOW,1500,HYB_07,266929466.4484461,4367359.010129183,112764.72475426155,4,1154446.839010775,7127.666048960892,True,21.870584073337838
CAP_LOW,1500,HYB_08,268083913.28745687,4376397.472414176,112998.09684696225,1,0.0,0.0,True,
CAP_LOW,1500,INV_01,261155839.53321382,3982781.3593034553,102834.97250778414,23,6928073.754243046,27660.33823692282,False,203.09732467995892
CAP_LOW,1500,INV_02,261081587.14203414,3979473.155106866,102749.55504272251,24,7002326.145422727,27830.161607052287,False,204.52605224538476
CAP_LOW,1500,INV_03,261192884.8666382,4033972.705466529,104156.72738218096,22,6891028.420818657,26624.055001097116,False,209.6110213867662
CAP_LOW,1500,INV_04,244927934.9326376,2904725.2839670647,74999.68433408035,32,23155978.354819268,59743.44198249801,False,365.65762820692106
CAP_LOW,1500,INV_05,254405468.54477337,3292791.788802341,85019.51840373331,28,13678444.7426835,47366.33467670304,False,261.11608104195284
CAP_LOW,1500,INV_06,263779169.35629866,3962027.5928643686,102299.11256251973,13,4304743.931158215,25996.138577375765,False,115.18675605087662
CAP_LOW,1500,INV_07,253200569.28395838,3240986.899183431,83681.92190542564,29,14883344.003498495,48905.885896424305,False,277.53328042483366
CAP_LOW,1500,INV_08,248280110.90753922,3021801.755043263,78022.58581881935,31,19803802.37991765,55693.0673325847,False,332.06052758592284
CAP_LOW,1500,STATIC_085,252397847.640125,3433541.4028406763,88653.65781143727,30,15686065.647331864,47665.30543769293,False,301.5974083611457
CAP_LOW,1500,STATIC_100,261337072.76875,4140760.1429879544,106913.9671628786,21,6746840.518706858,24404.89645038395,False,222.7629800101069
CAP_LOW,1500,STATIC_115,263915367.5324375,4663389.282240412,120408.1935133285,12,4168545.7550193667,20146.61804647017,False,141.87059534485473
CAP_LOW,1500,STATIC_130,262947988.1868125,4992274.805414619,128899.98120707794,16,5135925.10064438,31535.9455529591,False,121.30893730897391
CAP_LOW,1500,TIME_EARLY_DISCOUNT,255447593.7273673,3792293.8776581194,97916.6068806283,27,12636319.560089558,41572.18469131385,False,272.4414554011826
CAP_LOW,1500,TIME_FLAT_THEN_SURGE,260819944.2014375,4615947.718889686,119183.25761482581,25,7263969.086019367,25612.163161345623,False,232.45346322107852
CAP_LOW,1500,TIME_HIGH_EARLY_NORMALIZE,263772245.832219,4374604.856548306,112951.81170433116,14,4311667.455237865,16241.119720489009,False,184.7984897784035
CAP_LOW,1500,TIME_LATE_SURGE,260647513.08765626,4713633.059222693,121705.48225668138,26,7436400.199800611,27140.587295630474,False,225.7160861882172
CAP_LOW,1500,TIME_MILD_INCREASE,262208969.90457797,4337988.931280155,112006.392579201,18,5874943.3828789,21578.592853087182,False,211.53419758993252
CAP_LOW,1500,TIME_MODERATE_INCREASE,262068058.79344025,4615187.44566316,119163.62744452644,20,6015854.494016618,23563.542954103785,False,199.6949883385793
CAP_LOW,1500,VEL_01,262189043.45996162,4197467.2919103755,108378.1394521282,19,5894869.827495247,20307.79722605402,False,225.75253819415906
CAP_LOW,1500,VEL_02,262941884.78626955,4250217.226199542,109740.13689889805,17,5142028.5011873245,16534.800413461027,False,231.73520978739367
CAP_LOW,1500,VEL_03,264193524.08636063,4340256.427744975,112064.93908617322,10,3890389.2010962367,10038.284121046474,False,257.02162953383515
CAP_LOW,1500,VEL_04,265567194.69332856,4445466.704995739,114781.45676378705,7,2516718.5941283107,4664.511753774086,False,258.6306132835803
CAP_LOW,1500,VEL_05,266499348.93580052,4517257.886345623,116635.09709560477,5,1584564.3516563475,7955.727143148096,False,34.46967048276415
CAP_LOW,1500,VEL_06,267431091.90749595,4594174.5060349405,118621.0756762934,3,652821.3799609244,15360.395617191507,True,42.80564739390124
CAP_LOW,3000,HYB_01,263584690.2337781,4098655.404949175,74830.86735770448,15,4598595.442747921,13120.751829122211,False,250.61539361396933
CAP_LOW,3000,HYB_02,264699719.01422596,4166228.74092585,76064.58203771448,9,3483566.6623000503,10946.986034876016,False,198.52346543560876
CAP_LOW,3000,HYB_03,265429874.65090898,4185479.384489912,76416.04909526544,8,2753411.0256170332,10412.266220516678,False,138.59403289096605
CAP_LOW,3000,HYB_04,266339632.7291807,4111450.463532343,75064.47209805786,6,1843652.9473453164,8093.105403308659,False,65.89805299533504
CAP_LOW,3000,HYB_05,264154239.46700895,3990602.8075199947,72858.10585740492,11,4029046.2095170617,13179.47710778542,False,206.2838402996888
CAP_LOW,3000,HYB_06,267829729.62037387,4512010.018853187,82377.65556717334,2,353556.05615213513,9771.442243402333,True,97.91563810092923
CAP_LOW,3000,HYB_07,267026006.8959216,4271618.322709965,77988.72374668765,4,1157278.780604422,5112.195979095681,True,29.939047447062542
CAP_LOW,3000,HYB_08,268183285.676526,4290249.622661066,78328.88318864976,1,0.0,0.0,True,
CAP_LOW,3000,INV_01,261269713.689519,3912005.6840160443,71423.12527413381,23,6913571.987007022,19662.50266382598,False,284.9707905562963
CAP_LOW,3000,INV_02,261195594.16105193,3909066.3568782173,71369.46074822465,24,6987691.515474081,19784.264932239017,False,286.96332546787806
CAP_LOW,3000,INV_03,261306164.25162932,3964791.5654805135,72386.85920732994,22,6877121.424896687,18895.69250691214,False,294.60621061012074
CAP_LOW,3000,INV_04,245017021.1679294,2823067.3467336036,51541.92223874176,32,23166264.5085966,42887.79287053139,False,509.60727953507643
CAP_LOW,3000,INV_05,254511577.06810996,3207647.4992012423,58563.363061251825,28,13671708.60841605,33909.72349568971,False,364.53778667366794
CAP_LOW,3000,INV_06,263892958.73513213,3887549.420175649,70976.61702821107,13,4290326.941393882,18468.91226051873,False,161.35188909760592
CAP_LOW,3000,INV_07,253303349.28718826,3156140.861425612,57622.98481555314,29,14879936.389337748,34999.75916283605,False,387.70562013367135
CAP_LOW,3000,INV_08,248374044.48499212,2937695.2090773843,53634.731102884616,31,19809241.191533893,39924.990528545146,False,463.341578496468
CAP_LOW,3000,STATIC_085,252516109.87332812,3361177.685584134,61366.42793924789,30,15667175.80319789,34000.967204672655,False,422.2480689503333
CAP_LOW,3000,STATIC_100,261448189.9803125,4072978.8025017837,74362.07887902019,21,6735095.696213514,17262.26442642283,False,314.2555636749917
CAP_LOW,3000,STATIC_115,264002862.79125,4581127.370223508,83639.55998252453,12,4180422.8852760196,14568.357496881792,False,197.0084703995686
CAP_LOW,3000,STATIC_130,263006865.72428125,4897214.129197269,89410.4882498121,17,5176419.952244759,22317.150528712657,False,173.23389420569188
CAP_LOW,3000,TIME_EARLY_DISCOUNT,255566230.66694194,3733128.585980125,68157.29122028928,27,12617055.00958407,29423.003370903374,False,384.2817066793433
CAP_LOW,3000,TIME_FLAT_THEN_SURGE,260913176.30090624,4528363.319946083,82676.22463044844,25,7270109.375619769,18250.15782979622,False,326.56026170405266
CAP_LOW,3000,TIME_HIGH_EARLY_NORMALIZE,263873502.64500827,4302253.954688959,78548.05130329839,14,4309783.031517744,11581.126712776162,False,258.9946597879407
CAP_LOW,3000,TIME_LATE_SURGE,260732878.2785285,4624989.490202495,84440.36906694082,26,7450407.3979974985,19355.479610423507,False,317.22666981135586
CAP_LOW,3000,TIME_MILD_INCREASE,262313286.90252838,4268331.7128268825,77928.71873433155,18,5869998.773997635,15300.543687697578,False,298.00677730704365
CAP_LOW,3000,TIME_MODERATE_INCREASE,262156590.31270102,4535740.122580622,82810.90600395514,20,6026695.363824993,16882.20853072635,False,279.3687980254337
CAP_LOW,3000,VEL_01,262298950.9086598,4127792.499691539,75362.83549272307,19,5884334.767866224,14377.728803074562,False,318.1310325109805
CAP_LOW,3000,VEL_02,263050082.65027988,4178720.130502408,76292.64256590334,16,5133203.0262461305,11722.524346778291,False,326.1132034855208
CAP_LOW,3000,VEL_03,264297398.0381568,4263836.423845759,77846.64636174934,10,3885887.6383692026,7178.0180143306425,False,358.81138423530774
CAP_LOW,3000,VEL_04,265664569.91222903,4358886.55962687,79582.01647712413,7,2518715.7642969787,3343.7002296687974,False,361.39086123621263
CAP_LOW,3000,VEL_05,266589751.08982125,4422910.4890017975,80750.92815508298,5,1593534.5867047608,5574.5349201125955,False,50.8027184656672
CAP_LOW,3000,VEL_06,267510089.8365063,4495058.242002586,82068.15988147774,3,673195.8400197029,10750.63550750864,True,59.26507489873943
DISPERSION_HIGH,750,HYB_01,262702219.04761645,4562285.0768674705,166591.09669130028,15,4146792.037787348,26576.29463201121,False,106.7289108011911
DISPERSION_HIGH,750,HYB_02,263736966.15713724,4615010.144227062,168516.34394055547,9,3112044.928266555,22776.46905817593,False,79.10409050162038
DISPERSION_HIGH,750,HYB_03,264371026.37452197,4628906.833600251,169023.77929017798,8,2477984.7108818293,21942.20536375511,False,53.214872112597504
DISPERSION_HIGH,750,HYB_04,264829322.53663024,4500523.344165941,164335.87707855145,6,2019688.548773557,18461.08418596714,False,38.42436787821545
DISPERSION_HIGH,750,HYB_05,262959729.72461605,4400374.849655813,160678.97110899282,14,3889281.3607877493,28112.136555511202,False,91.7378975131975
DISPERSION_HIGH,750,HYB_06,266784420.41942015,4950901.314184463,180781.35531738677,2,64590.66598364711,23181.681724525544,True,53.73822345596453
DISPERSION_HIGH,750,HYB_07,265640028.65359396,4656051.311691334,170014.95548765737,4,1208982.4318098426,10963.951927895961,True,9.243986788517153
DISPERSION_HIGH,750,HYB_08,266849011.0854038,4693806.495374592,171393.57987206214,1,0.0,0.0,True,
DISPERSION_HIGH,750,INV_01,260523590.62753883,4392085.55229113,160376.2887654925,23,6325420.45786497,37998.478568421226,False,131.98126841456033
DISPERSION_HIGH,750,INV_02,260443808.3113409,4389561.335451894,160284.1173986336,24,6405202.774062902,38214.516202266765,False,133.32288935740706
DISPERSION_HIGH,750,INV_03,260551137.6016987,4447924.181416368,162415.2272156297,22,6297873.483705103,36740.366785402286,False,135.75096988703737
DISPERSION_HIGH,750,INV_04,244533351.73507345,3267325.61038196,119305.86263470232,32,22315659.350330353,88275.5728358867,False,237.95174154009905
DISPERSION_HIGH,750,INV_05,253561576.85137874,3651553.7576317084,133335.89086650926,28,13287434.234025061,68012.54443714404,False,176.1013541628755
DISPERSION_HIGH,750,INV_06,263002328.20561996,4355068.424377272,159024.61436732757,13,3846682.879783839,35979.70934352356,False,70.49389412755606
DISPERSION_HIGH,750,INV_07,252480978.1977145,3598167.3051961176,131386.49324889926,29,14368032.887689292,70243.81044458736,False,185.89110907371347
DISPERSION_HIGH,750,INV_08,247664237.12702376,3374865.513030911,123232.664668885,31,19184773.958380044,81810.73736344707,False,218.48526826486065
DISPERSION_HIGH,750,STATIC_085,252010852.7880625,3821571.8174821176,139544.0726373981,30,14838158.297341287,66606.77359902763,False,203.0998426706188
DISPERSION_HIGH,750,STATIC_100,260693918.8975,4561444.956118122,166560.4198189372,21,6155092.187903792,34465.09455731675,False,140.57002284631847
DISPERSION_HIGH,750,STATIC_115,263324256.767,5044511.575108301,184199.51875218216,11,3524754.3184038103,34700.24282202209,False,63.815728067966276
DISPERSION_HIGH,750,STATIC_130,262491062.262,5318246.027529914,194194.8877093583,16,4357948.8234038055,51652.01242916938,False,59.002846578374154
DISPERSION_HIGH,750,TIME_EARLY_DISCOUNT,254863522.54038912,4223046.781304345,154203.86556799835,27,11985488.54501468,57883.257914796246,False,184.42561581705
DISPERSION_HIGH,750,TIME_FLAT_THEN_SURGE,260189078.06925,5004776.0966826575,182748.5842277165,25,6659933.016153812,41165.06412988283,False,129.95485542531063
DISPERSION_HIGH,750,TIME_HIGH_EARLY_NORMALIZE,263126910.81875,4769128.286370738,174143.94280541406,12,3722100.266653806,25704.706940358625,False,93.82589786642819
DISPERSION_HIGH,750,TIME_LATE_SURGE,260051714.5566109,5099399.506001033,186203.74261116443,26,6797296.528792888,44616.975759456465,False,122.97927810691402
DISPERSION_HIGH,750,TIME_MILD_INCREASE,261560457.18495,4751777.1301313,173510.36816067158,18,5288553.900453806,32848.59539324831,False,121.1077914975396
DISPERSION_HIGH,750,TIME_MODERATE_INCREASE,261448890.23907506,5018849.304046215,183262.46510301437,20,5400120.846328735,39212.61182176596,False,104.29776538061013
DISPERSION_HIGH,750,VEL_01,261512873.74685338,4605837.895132298,168181.42075840486,19,5336137.338550419,29269.907099104475,False,137.54072625985
DISPERSION_HIGH,750,VEL_02,262234510.82895935,4643007.193115489,169538.6516218732,17,4614500.256444454,24436.405119425057,False,135.21494596750838
DISPERSION_HIGH,750,VEL_03,263430386.34795263,4706501.76841507,171857.14569992595,10,3418624.737451166,16304.527697987913,False,129.30712976924156
DISPERSION_HIGH,750,VEL_04,264727534.2629507,4780920.536982164,174574.53491632285,7,2121476.8224531114,10334.299385261384,False,78.49044561537495
DISPERSION_HIGH,750,VEL_05,265566246.91720137,4834801.14318963,176541.9764784483,5,1282764.16820243,14241.199676245216,True,1.9358544929895067
DISPERSION_HIGH,750,VEL_06,266281270.59135926,4893420.358935553,178682.44759626858,3,567740.4940445423,24081.245673536734,True,30.83696643453767
DISPERSION_HIGH,1500,HYB_01,262733762.6802622,4503812.339168345,116287.93456028313,15,4159337.341668129,19428.235590299024,False,146.64246116664626
DISPERSION_HIGH,1500,HYB_02,263766850.86755627,4560880.040379729,117761.41626960335,9,3126249.154374063,16671.839492567484,False,108.92115993573303
DISPERSION_HIGH,1500,HYB_03,264395373.1509241,4573375.781128936,118084.05490840472,8,2497726.8710062504,16132.250216110857,False,73.60373143972073
DISPERSION_HIGH,1500,HYB_04,264876894.60309696,4497490.648099118,116124.70919874324,6,2016205.418833375,12959.494934101514,False,54.46758255946364
DISPERSION_HIGH,1500,HYB_05,263006958.70419925,4386087.642239249,113248.29595599178,14,3886141.3177310824,19895.415543282397,False,129.4674269831747
DISPERSION_HIGH,1500,HYB_06,266840112.55489853,4951092.106130366,127836.64848387943,2,52987.46703180671,16378.284797490845,True,76.76906386083046
DISPERSION_HIGH,1500,HYB_07,265689400.67646044,4669602.69413756,120568.62311866705,4,1203699.345469892,7684.4938087305145,True,13.876478498845193
DISPERSION_HIGH,1500,HYB_08,266893100.02193034,4691431.311252319,121132.23558904171,1,0.0,0.0,True,
DISPERSION_HIGH,1500,INV_01,260548430.12276387,4319630.009446491,111532.3672557603,23,6344669.899166465,27876.558360571165,False,180.5939160590865
DISPERSION_HIGH,1500,INV_02,260468052.50884986,4316233.740005948,111444.67595587726,24,6425047.513080478,28066.66641074939,False,182.23448341340313
DISPERSION_HIGH,1500,INV_03,260575518.3716072,4373755.420104645,112929.87934966477,22,6317581.650323123,26932.225463111685,False,185.92034284727643
DISPERSION_HIGH,1500,INV_04,244521538.91131634,3239227.0147133367,83636.48188379947,32,22371561.110614,63004.422936373805,False,334.28173881223904
DISPERSION_HIGH,1500,INV_05,253573345.3039751,3599766.8429541346,92945.5802199401,28,13319754.717955232,49726.10239673694,False,241.5114211758943
DISPERSION_HIGH,1500,INV_06,263033351.2743374,4294001.799588578,110870.64972260827,13,3859748.747592926,26422.86741714486,False,96.48520157798814
DISPERSION_HIGH,1500,INV_07,252490129.06917235,3550370.5771956844,91670.17412229134,29,14402970.952757984,51124.60911789273,False,256.09267474271087
DISPERSION_HIGH,1500,INV_08,247665503.0531587,3344164.562541809,86345.95771800958,31,19227596.968771636,58770.53855957899,False,304.8681252431718
DISPERSION_HIGH,1500,STATIC_085,252017861.629875,3744573.9380478146,96684.48333801006,30,14875238.392055333,48996.540581771034,False,276.8543487439775
DISPERSION_HIGH,1500,STATIC_100,260719754.590625,4487417.564095412,115864.62328813458,21,6173345.431305349,25074.163645059096,False,193.9451477450321
DISPERSION_HIGH,1500,STATIC_115,263354259.50728124,5010085.424002589,129359.84940159034,11,3538840.514649093,23731.66391221099,False,93.90439137818642
DISPERSION_HIGH,1500,STATIC_130,262539322.5901875,5348008.836525112,138084.9943948791,16,4353777.431742847,36568.650671608186,False,83.22550373794678
DISPERSION_HIGH,1500,TIME_EARLY_DISCOUNT,254856256.4238396,4115531.7086619027,106262.57178957402,27,12036843.598090738,42844.60840967565,False,250.35846837351667
DISPERSION_HIGH,1500,TIME_FLAT_THEN_SURGE,260195543.1219375,4943044.824718512,127628.86857127704,25,6697556.899992824,28503.82121480119,False,189.00005724896099
DISPERSION_HIGH,1500,TIME_HIGH_EARLY_NORMALIZE,263166133.51778764,4725794.623163699,122019.49248739709,12,3726966.5041427016,17860.547159726055,False,135.30567814914122
DISPERSION_HIGH,1500,TIME_LATE_SURGE,260056553.13781774,5049500.595001469,130377.54474070089,26,6836546.8841125965,31098.287050979627,False,177.70155045749587
DISPERSION_HIGH,1500,TIME_MILD_INCREASE,261580174.56563443,4679536.727666632,120825.1187614588,18,5312925.4562959075,23265.354482213344,False,172.04089457457826
DISPERSION_HIGH,1500,TIME_MODERATE_INCREASE,261459983.71872517,4956646.095157028,127980.05186391462,20,5433116.303205162,27080.984764118275,False,152.23904450057194
DISPERSION_HIGH,1500,VEL_01,261543700.0158298,4541377.222933613,117257.85568845047,19,5349400.006100535,21222.57205040067,False,190.31938908851671
DISPERSION_HIGH,1500,VEL_02,262269605.51319274,4589247.4342161445,118493.85922896164,17,4623494.508737594,17639.63028900667,False,187.82488044668176
DISPERSION_HIGH,1500,VEL_03,263470751.44443315,4671459.363529273,120616.56211622384,10,3422348.5774971843,11565.637491500376,False,182.6112499607619
DISPERSION_HIGH,1500,VEL_04,264773554.06935173,4767683.527604436,123101.05934932939,7,2119545.952578604,6937.397783261885,False,116.64501867685487
DISPERSION_HIGH,1500,VEL_05,265620890.08520284,4841464.854698432,125006.08502330359,5,1272209.936727494,9872.639255446476,True,3.8614924406079654
DISPERSION_HIGH,1500,VEL_06,266350300.9353288,4924406.425043335,127147.6271609976,3,542799.0866015255,17241.118720527804,True,44.51764322380514
DISPERSION_HIGH,3000,HYB_01,262729207.95287326,4459748.84115376,81423.50137024795,15,4153912.7620966733,13732.49798078772,False,207.06936986218372
DISPERSION_HIGH,3000,HYB_02,263765675.3584872,4517678.209586707,82481.14209800636,9,3117445.356482744,11765.509975854508,False,153.59404748371284
DISPERSION_HIGH,3000,HYB_03,264395515.0111581,4531013.47491268,82724.60961898476,8,2487605.7038118243,11372.48417436362,False,103.51939182157199
DISPERSION_HIGH,3000,HYB_04,264855369.1572486,4455829.08769582,81351.93679062219,6,2027751.5577213466,9103.473254681461,False,78.80711889510569
DISPERSION_HIGH,3000,HYB_05,262975608.6444614,4341978.831495092,79273.32500732614,14,3907512.0705085397,13965.168657929105,False,185.97548483259246
DISPERSION_HIGH,3000,HYB_06,266833670.06133974,4903040.973198967,89516.8713797719,2,49450.65363019705,11652.818008534075,True,108.20407596065014
DISPERSION_HIGH,3000,HYB_07,265671870.17513722,4625134.1943874145,84443.0109918157,4,1211250.5398327112,5423.777317117787,True,18.268176024820942
DISPERSION_HIGH,3000,HYB_08,266883120.71496993,4647582.999796421,84852.86822886759,1,0.0,0.0,True,
DISPERSION_HIGH,3000,INV_01,260536885.3278187,4282359.244462038,78184.82525108795,23,6346235.387151241,19889.70045668613,False,253.191461557538
DISPERSION_HIGH,3000,INV_02,260456867.17468655,4279083.238953319,78125.0138472334,24,6426253.540283382,20022.727740395552,False,255.50567075737834
DISPERSION_HIGH,3000,INV_03,260567402.78550643,4333283.146856571,79114.5642530105,22,6315717.929463506,19222.502265237043,False,260.39195115269933
DISPERSION_HIGH,3000,INV_04,244471755.67730442,3187239.9559513438,58190.77400187743,32,22411365.037665516,44940.317569599945,False,469.5345542764509
DISPERSION_HIGH,3000,INV_05,253536433.7036391,3564365.9455462443,65076.12105263028,28,13346687.011330843,35318.197453574176,False,340.79751574443736
DISPERSION_HIGH,3000,INV_06,263011646.68257445,4254681.936113907,77679.50904731137,13,3871474.032395482,18868.871302757325,False,135.73366062653523
DISPERSION_HIGH,3000,INV_07,252453798.46590042,3513384.480174111,64145.33109933075,29,14429322.249069512,36314.7863755293,False,361.2575069236394
DISPERSION_HIGH,3000,INV_08,247628773.01032048,3297992.461825249,60212.82886078947,31,19254347.70464945,41838.113356465794,False,428.89158249520045
DISPERSION_HIGH,3000,STATIC_085,252002846.23696876,3716252.0505324025,67849.16924838084,30,14880274.478001177,34643.300609544975,False,391.70463497006165
DISPERSION_HIGH,3000,STATIC_100,260716266.4253125,4440383.055234968,81069.93211052999,21,6166854.289657444,17884.49957921068,False,271.54918199229445
DISPERSION_HIGH,3000,STATIC_115,263341659.77917188,4948867.935159563,90353.55340669688,11,3541460.935798049,16630.49284771383,False,134.1588549207373
DISPERSION_HIGH,3000,STATIC_130,262522194.5864375,5284133.031675976,96474.62861023641,16,4360926.1285324395,25541.66710426912,False,119.43594196485724
DISPERSION_HIGH,3000,TIME_EARLY_DISCOUNT,254863908.5050551,4084868.6621298194,74579.15702314836,27,12019212.209914833,30304.547087121387,False,353.37532418970113
DISPERSION_HIGH,3000,TIME_FLAT_THEN_SURGE,260190674.71970832,4886081.690923048,89207.23866438461,25,6692445.99526161,20102.465011120814,False,267.73397857939017
DISPERSION_HIGH,3000,TIME_HIGH_EARLY_NORMALIZE,263152219.57212615,4673370.066918811,85323.67350736201,12,3730901.142843783,12716.258401135166,False,190.35222530917204
DISPERSION_HIGH,3000,TIME_LATE_SURGE,260055824.35325012,4988020.243567962,91068.37348981953,26,6827296.361719817,21842.805603081702,False,252.5757635438647
DISPERSION_HIGH,3000,TIME_MILD_INCREASE,261580853.50173992,4624871.585618524,84438.21643359835,18,5302267.213230014,16585.44217716892,False,240.689039942749
DISPERSION_HIGH,3000,TIME_MODERATE_INCREASE,261459299.1411842,4898777.043682214,89439.02303377396,20,5423821.573785722,19115.771273617403,False,215.18820539988863
DISPERSION_HIGH,3000,VEL_01,261540095.66753024,4494984.114259217,82066.8065002384,19,5343025.047439694,15070.109190750727,False,267.5954060992144
DISPERSION_HIGH,3000,VEL_02,262265581.54340056,4544172.874106071,82964.86627836594,17,4617539.171569377,12482.980989457443,False,264.93720656798587
DISPERSION_HIGH,3000,VEL_03,263464398.1954455,4628552.769241053,84505.4253438776,10,3418722.5195244253,8129.31859934768,False,259.3562344957619
DISPERSION_HIGH,3000,VEL_04,264764364.82671162,4726288.920137672,86289.83516153785,7,2118755.888258308,4924.974554217948,False,164.14761554142285
DISPERSION_HIGH,3000,VEL_05,265608572.46901286,4797876.0784731405,87596.83187647218,5,1274548.2459570765,7027.638177665099,True,5.092011244674355
DISPERSION_HIGH,3000,VEL_06,266334422.54288095,4873910.1694152225,88985.0181014181,3,548698.1720889807,12103.07580609177,True,62.929035453030885
DISPERSION_LOW,750,HYB_01,264556363.33460745,4215506.06981424,153928.51771581377,14,4696665.818807453,26465.025723758623,False,127.95501487784945
DISPERSION_LOW,750,HYB_02,265677163.02594063,4273112.616701685,156032.0113951626,9,3575866.127474278,21790.16415349768,False,103.97044524005447
DISPERSION_LOW,750,HYB_03,266464207.85069272,4283030.518211543,156394.16195383354,7,2788821.302722186,20231.32449686331,False,73.07916218585503
DISPERSION_LOW,750,HYB_04,267676083.6206768,4250425.164426114,155203.58276958583,5,1576945.5327381194,14987.951075123521,False,17.788453726632685
DISPERSION_LOW,750,HYB_05,265385702.72374824,4138851.2221372277,151129.47843482564,10,3867326.429666668,24717.09793449052,False,103.45038798091909
DISPERSION_LOW,750,HYB_06,268441676.3250447,4635778.160170696,169274.68466101913,2,811352.8283702135,18696.146705086674,True,26.688934253777468
DISPERSION_LOW,750,HYB_07,268066591.30281198,4408077.951305098,160960.2486113974,4,1186437.8506029248,9708.779089267919,True,12.76115223543184
DISPERSION_LOW,750,HYB_08,269253029.1534149,4415169.1747217635,161219.18347977186,1,0.0,0.0,True,
DISPERSION_LOW,750,INV_01,262347868.49971834,4039824.999834086,147513.55205216218,22,6905160.653696567,39311.40453085294,False,142.32072503856494
DISPERSION_LOW,750,INV_02,262279698.36170983,4035875.8199797203,147369.34839283678,24,6973330.791705072,39570.32187203537,False,143.11224840265712
DISPERSION_LOW,750,INV_03,262332754.21393725,4084181.96167671,149133.23929106892,23,6920274.939477652,37924.68105063864,False,147.92324484959465
DISPERSION_LOW,750,INV_04,247352708.2724926,3044653.140254348,111175.01364641644,32,21900320.880922318,81687.60045416723,False,252.05768939061403
DISPERSION_LOW,750,INV_05,256534478.7897509,3408678.8899977873,124467.35462289726,28,12718550.363664001,64558.46817835599,False,176.71140017704903
DISPERSION_LOW,750,INV_06,265173585.82812124,4015147.4875036017,146612.45670772763,11,4079443.32529366,36877.47124280909,False,75.0894834540037
DISPERSION_LOW,750,INV_07,255307086.53296968,3362674.1791497394,122787.50009736535,29,13945942.620445222,66666.57764324069,False,189.53439652297936
DISPERSION_LOW,750,INV_08,250630050.08802706,3154416.6461407174,115183.01019073748,31,18622979.065387845,75746.57709504382,False,228.56011018271317
DISPERSION_LOW,750,STATIC_085,253999053.0804375,3541972.623418884,129334.55359415157,30,15253976.072977394,65867.74105031938,False,211.69153203149864
DISPERSION_LOW,750,STATIC_100,262363874.9875,4176798.277367061,152515.1089775106,21,6889154.165914893,34809.09385911848,False,160.26907020080998
DISPERSION_LOW,750,STATIC_115,264508055.563125,4631363.471662023,169113.48302898186,15,4744973.590289891,24996.716392253857,False,137.40366845834959
DISPERSION_LOW,750,STATIC_130,263228308.486,4954223.571557712,180902.66700439787,17,6024720.667414904,41796.7591281564,False,112.79313772578614
DISPERSION_LOW,750,TIME_EARLY_DISCOUNT,256803910.89301673,3867505.0624145838,141221.31759665953,27,12449118.26039818,57992.15367770704,False,192.0740047648692
DISPERSION_LOW,750,TIME_FLAT_THEN_SURGE,261485650.24679166,4566999.634151488,166763.24798284072,25,7767378.906623244,31652.480100250963,False,203.9981014944481
DISPERSION_LOW,750,TIME_HIGH_EARLY_NORMALIZE,264591304.1091375,4387262.09977482,160200.16118227664,13,4661725.0442774,22853.81460240266,False,146.644752484507
DISPERSION_LOW,750,TIME_LATE_SURGE,261217646.10476887,4664595.106045609,170326.93074729218,26,8035383.048646033,33695.30675007494,False,199.58417473228155
DISPERSION_LOW,750,TIME_MILD_INCREASE,263079353.23814392,4347583.730627908,158751.3119938246,19,6173675.915270984,29680.111644024462,False,163.85864430091786
DISPERSION_LOW,750,TIME_MODERATE_INCREASE,262716152.46738118,4579008.636751226,167201.75475730837,20,6536876.686033726,28856.438947505787,False,181.1222665749002
DISPERSION_LOW,750,VEL_01,263164249.96516988,4234563.051285765,154624.38029114128,18,6088779.188245028,29015.654710641767,False,164.68510455189687
DISPERSION_LOW,750,VEL_02,263871564.11602646,4288217.851648165,156583.57658960277,16,5381465.037388444,23598.05269846098,False,172.5198274123994
DISPERSION_LOW,750,VEL_03,265045268.42325678,4379053.638517488,159900.43055607344,12,4207760.73015812,14106.079361875232,False,205.40276268456302
DISPERSION_LOW,750,VEL_04,266336767.9503878,4482190.227472477,163666.4463077258,8,2916261.2030270994,5860.91266563144,False,274.006496268586
DISPERSION_LOW,750,VEL_05,267227868.14829746,4555714.191170621,166351.16187003677,6,2025161.0051174462,10635.039052377906,False,67.21441670459748
DISPERSION_LOW,750,VEL_06,268166462.76404548,4631289.615602338,169110.78618698867,3,1086566.3893694282,21056.081847128982,True,10.6271751238625
DISPERSION_LOW,1500,HYB_01,264742975.4130529,4122870.80834996,106452.06652869403,14,4701298.621325821,18355.991825999696,False,184.73344262125664
DISPERSION_LOW,1500,HYB_02,265866561.17037994,4181435.111231982,107964.19032698948,9,3577712.8639987707,15096.42178516779,False,150.19319396899854
DISPERSION_LOW,1500,HYB_03,266656494.92324805,4193981.0395358377,108288.1248028798,7,2787779.111130655,14099.015211947226,False,104.7907268939923
DISPERSION_LOW,1500,HYB_04,267859009.4919123,4156594.2499523945,107322.80204671422,5,1585264.542466402,10485.090202092575,False,26.22118442340937
DISPERSION_LOW,1500,HYB_05,265563600.21022788,4039747.6684364113,104305.83628489642,10,3880673.8241508305,17487.97103290253,False,146.97764313159283
DISPERSION_LOW,1500,HYB_06,268638211.881347,4532587.624008315,117030.90922006698,2,806062.1530317068,13113.475550031886,True,38.45440544160827
DISPERSION_LOW,1500,HYB_07,268253731.90906972,4307766.944642941,111226.06423963277,4,1190542.1253089905,6763.52483790348,True,17.711317122832018
DISPERSION_LOW,1500,HYB_08,269444274.0343787,4315490.232616471,111425.4786776291,1,0.0,0.0,True,
DISPERSION_LOW,1500,INV_01,262521284.5806182,3941423.5465419837,101767.11837404585,22,6922989.453760505,27587.550945500825,False,203.44888193471942
DISPERSION_LOW,1500,INV_02,262452907.7291585,3937748.5232031317,101672.2296794572,24,6991366.3052202165,27774.32471294302,False,204.54262364087532
DISPERSION_LOW,1500,INV_03,262509115.29054114,3987272.161829738,102950.92453042013,23,6935158.743837565,26497.832516205766,False,212.27493538636557
DISPERSION_LOW,1500,INV_04,247437878.44415832,2911682.4681420885,75179.31805705611,32,22006395.59022039,59100.03479287994,False,350.18697711718596
DISPERSION_LOW,1500,INV_05,256659276.2090854,3284716.3591529885,84811.0117067639,28,12784997.825293303,46596.48919875083,False,246.25599404642847
DISPERSION_LOW,1500,INV_06,265348022.2532874,3922303.4604210807,101273.43987321712,11,4096251.7810913026,25859.333683425695,False,107.73358496455236
DISPERSION_LOW,1500,INV_07,255426026.40966496,3237185.6020775964,83583.77283619308,29,14018247.624713749,48135.61374380792,False,264.00233793149096
DISPERSION_LOW,1500,INV_08,250729955.08978513,3022625.90302086,78043.86522809965,31,18714318.94459358,54775.041521609215,False,317.73569499068856
DISPERSION_LOW,1500,STATIC_085,254123896.84584376,3420645.258650488,88320.68080024469,30,15320377.188534945,47383.59091120307,False,295.67290829030964
DISPERSION_LOW,1500,STATIC_100,262545635.59125,4084069.4808373353,105450.22056024647,21,6898638.443128705,24075.211666391064,False,232.11863978536545
DISPERSION_LOW,1500,STATIC_115,264710908.34615624,4558051.794716432,117688.39128058379,15,4733365.688222468,17601.244756865966,False,194.4767359880015
DISPERSION_LOW,1500,STATIC_130,263435265.34325,4879720.281485069,125993.83589561493,17,6009008.691128701,29611.40598199644,False,158.67789713883286
DISPERSION_LOW,1500,TIME_EARLY_DISCOUNT,256961589.58117074,3764227.429345779,97191.93430128906,27,12482684.45320797,41129.37697642229,False,271.6392081754934
DISPERSION_LOW,1500,TIME_FLAT_THEN_SURGE,261684526.87277085,4490048.193019053,115932.54583487666,25,7759747.1616078615,22289.918644024106,False,289.3422002128164
DISPERSION_LOW,1500,TIME_HIGH_EARLY_NORMALIZE,264786909.4471789,4302838.556411076,111098.81380266174,13,4657364.587199807,15504.14877669329,False,215.8797349552014
DISPERSION_LOW,1500,TIME_LATE_SURGE,261421939.02049714,4585903.278580873,118407.51350174476,26,8022335.013881564,23829.382306298794,False,281.6691540311617
DISPERSION_LOW,1500,TIME_MILD_INCREASE,263273067.91211247,4259772.257321804,109986.84674162482,19,6171206.122266233,20363.18510157315,False,238.70887778304672
DISPERSION_LOW,1500,TIME_MODERATE_INCREASE,262918340.83752194,4502059.196521933,116242.66861179595,20,6525933.196856767,20353.13428854792,False,256.25537886860866
DISPERSION_LOW,1500,VEL_01,263350406.8808396,4141896.241269498,106943.30109437242,18,6093867.153539121,20011.9669144884,False,239.03367996749265
DISPERSION_LOW,1500,VEL_02,264061819.38407886,4194972.529880588,108313.72497350075,16,5382454.650299847,16261.59167972016,False,250.41346947586578
DISPERSION_LOW,1500,VEL_03,265239240.0727555,4283604.372122181,110602.18929980323,12,4205033.961623222,9731.4357831947,False,297.458768421496
DISPERSION_LOW,1500,VEL_04,266531187.78999013,4379374.50886622,113074.9635976277,8,2913086.2443885803,3976.655153298125,False,403.04052627697735
DISPERSION_LOW,1500,VEL_05,267423983.70763162,4447822.720941556,114842.2888339307,6,2020290.3267470896,7520.059561890672,False,94.4084634334125
DISPERSION_LOW,1500,VEL_06,268361359.8196925,4521912.7654662365,116755.28555768973,3,1082914.214686215,14793.149095534298,True,15.373254364325136
DISPERSION_LOW,3000,HYB_01,264812386.43705705,4063816.060758054,74194.79086763236,15,4731218.375838965,13192.096609232512,False,259.31324023685534
DISPERSION_LOW,3000,HYB_02,265943539.6319063,4123164.115772594,75278.33315014973,9,3600065.1809897125,10808.634528549272,False,211.8428665860154
DISPERSION_LOW,3000,HYB_03,266736266.63144746,4137871.6570326984,75546.85488726964,7,2807338.181448549,10091.758399638482,False,148.3393739311998
DISPERSION_LOW,3000,HYB_04,267952579.77685434,4109916.4266145863,75036.46454392781,5,1591025.036041677,7442.747591866904,False,37.71348873461118
DISPERSION_LOW,3000,HYB_05,265649368.49605417,3992086.045508053,72885.18595421186,10,3894236.3168418407,12551.724542648006,False,205.86041778411044
DISPERSION_LOW,3000,HYB_06,268758909.3619906,4488989.198677084,81957.35481708263,2,784695.4509054422,9551.605508608553,True,55.03133553851943
DISPERSION_LOW,3000,HYB_07,268359109.72776464,4262252.371278571,77817.72565097192,4,1184495.085131377,4763.208347989788,True,26.4187422124796
DISPERSION_LOW,3000,HYB_08,269543604.812896,4267575.294833291,77914.90849439845,1,0.0,0.0,True,
DISPERSION_LOW,3000,INV_01,262565442.79178014,3883808.8112325678,70908.32316498003,22,6978162.021115869,19961.935312421076,False,283.9318369601108
DISPERSION_LOW,3000,INV_02,262495980.83018842,3880374.7755526933,70845.62653814186,24,7047623.98270759,20089.03932657527,False,285.5930953620379
DISPERSION_LOW,3000,INV_03,262556799.45049748,3929089.350086658,71735.02891652583,23,6986805.362398535,19133.455360381784,False,296.67784500499226
DISPERSION_LOW,3000,INV_04,247443645.4088302,2897396.753898939,52898.98533842311,32,22099959.404065818,42613.481621717736,False,487.8650031470145
DISPERSION_LOW,3000,INV_05,256673057.38685197,3260794.990758616,59533.69906127812,28,12870547.426044047,33672.016838701755,False,343.31814523731714
DISPERSION_LOW,3000,INV_06,265402249.70952326,3867810.199850443,70616.22982022174,11,4141355.1033727527,18716.574562639515,False,151.25748759832132
DISPERSION_LOW,3000,INV_07,255437749.31426036,3214349.78989914,58685.72958799168,29,14105855.49863565,34799.212345475054,False,367.69574877226216
DISPERSION_LOW,3000,INV_08,250739716.98058325,3011094.770122673,54974.81761273402,31,18803887.832312763,39555.177107705975,False,442.2570205183961
DISPERSION_LOW,3000,STATIC_085,254113818.124375,3387485.5600092253,61846.74181466909,30,15429786.688521028,34372.92325042476,False,410.7725585942213
DISPERSION_LOW,3000,STATIC_100,262603736.9553125,4025036.654303673,73486.77901157484,21,6939867.857583523,17310.20580978247,False,325.2147814337868
DISPERSION_LOW,3000,STATIC_115,264840089.59667188,4518646.046686635,82498.8123050604,14,4703515.216224134,12916.57824603368,False,262.6997717979091
DISPERSION_LOW,3000,STATIC_130,263592699.98221874,4858546.669163969,88704.52024642318,17,5950904.830677271,21593.1787989792,False,214.90915326998544
DISPERSION_LOW,3000,TIME_EARLY_DISCOUNT,256959302.119592,3706067.8786785463,67663.23255991863,27,12584302.693304002,29749.37606272925,False,378.96491042200574
DISPERSION_LOW,3000,TIME_FLAT_THEN_SURGE,261800557.7342604,4451014.9789450485,81264.04359205283,25,7743047.078635603,16236.18147958048,False,396.1962378989475
DISPERSION_LOW,3000,TIME_HIGH_EARLY_NORMALIZE,264883858.76243883,4249342.316762269,77582.02138173192,13,4659746.05045718,11057.960064957446,False,302.89610128817367
DISPERSION_LOW,3000,TIME_LATE_SURGE,261546141.777119,4550482.192186536,83080.05813953748,26,7997463.035777003,17349.425194382708,False,385.4381284839841
DISPERSION_LOW,3000,TIME_MILD_INCREASE,263354583.67630094,4203050.157905785,76736.84606035496,19,6189021.13659507,14545.488093440032,False,335.40903176800873
DISPERSION_LOW,3000,TIME_MODERATE_INCREASE,263032562.3004913,4460589.0003271075,81438.84050795251,20,6511042.51240471,14837.267660983074,False,350.5166566145829
DISPERSION_LOW,3000,VEL_01,263417686.31292355,4082827.193990432,74541.88508480268,18,6125918.499972463,14353.020557297505,False,335.510244841308
DISPERSION_LOW,3000,VEL_02,264136783.19299686,4135459.0860808725,75502.80756953974,16,5406821.619899154,11631.509587684437,False,352.18889950925274
DISPERSION_LOW,3000,VEL_03,265326604.28024772,4225346.138794174,77143.91311616413,12,4217000.532648295,6907.541591791485,False,420.7962319794292
DISPERSION_LOW,3000,VEL_04,266632509.26238525,4327516.607558265,79009.28213126311,8,2911095.550510764,2802.5544883201196,False,571.1797927929058
DISPERSION_LOW,3000,VEL_05,267534317.06751412,4401452.256485778,80359.15622197582,6,2009287.7453818917,5430.727092632521,False,128.70370299933936
DISPERSION_LOW,3000,VEL_06,268486114.98078775,4484123.159348115,81868.51350020984,3,1057489.8321082592,10695.896786327638,True,23.639273220754667
ETA_HIGH,750,HYB_01,266471975.95576435,3996735.330774123,145940.13980285724,11,7224826.971388459,23276.552819579403,False,254.09664217255352
ETA_HIGH,750,HYB_02,267078170.20240697,3980731.639985671,145355.76763964572,9,6618632.72474584,22433.05008215668,False,236.628530080572
ETA_HIGH,750,HYB_03,267386320.95102578,3920092.841492145,143141.55178665143,7,6310481.976127028,24760.204351763914,False,201.94295840654354
ETA_HIGH,750,HYB_04,273696802.9271528,3826335.7690047678,139718.0275515192,1,0.0,0.0,True,
ETA_HIGH,750,HYB_05,271930290.04914117,3766463.3581771743,137531.79621935321,4,1766512.878011644,15090.546310659074,False,30.22950992226009
ETA_HIGH,750,HYB_06,265418806.47724414,4025174.9047176987,146978.6062145061,14,8277996.449908674,32486.771511294868,False,214.47694144999713
ETA_HIGH,750,HYB_07,271950986.5048388,3904911.149283443,142587.19476773098,3,1745816.4223139882,11661.000375340793,False,37.34528339898207
ETA_HIGH,750,HYB_08,272135965.24627584,3922797.8990642377,143240.32652342378,2,1560837.6808769703,16720.159836854295,False,14.982190645304849
ETA_HIGH,750,INV_01,265185303.18132547,3933469.806899583,143630.00950029277,15,8511499.745827347,33210.74740599532,False,216.83241871112236
ETA_HIGH,750,INV_02,265108833.31050324,3930284.3081311323,143513.69153146708,16,8587969.616649568,33439.928462308446,False,217.63313777035287
ETA_HIGH,750,INV_03,264139074.28840157,3983685.8206224474,145463.63906455954,18,9557728.638751239,32673.926666955114,False,252.4151952789629
ETA_HIGH,750,INV_04,257487853.75558904,2749421.8849511035,100394.6924324062,27,16208949.171563774,79520.30492776411,False,187.35612403041412
ETA_HIGH,750,INV_05,266579765.4229966,3133538.0645217197,114420.63218264162,10,7117037.504156202,60168.1171439606,False,96.50799661358197
ETA_HIGH,750,INV_06,270576135.04912204,3819700.5286750174,139475.74283131436,5,3120667.878030777,29817.303481472158,False,60.71423663693904
ETA_HIGH,750,INV_07,265454732.93741292,3088441.0253065797,112773.92113898648,13,8242069.989739895,62674.01770465261,False,110.59984958717698
ETA_HIGH,750,INV_08,261171626.1920109,2860011.566808422,104432.85665777774,23,12525176.735141903,72822.62688743918,False,154.00218525342768
ETA_HIGH,750,STATIC_085,260650490.243,3450218.6153345727,125984.17092953234,24,13046312.684152812,60024.882952677384,False,195.5185757683861
ETA_HIGH,750,STATIC_100,262020929.37625,4086447.1098762653,149215.95080873484,21,11675873.550902814,32380.033916756835,False,320.1213599395689
ETA_HIGH,750,STATIC_115,255245087.5761875,4453056.185812292,162602.62152048724,28,18451715.35096532,43504.81410982258,False,394.01116044566345
ETA_HIGH,750,STATIC_130,245173322.268875,4652538.13020048,169886.6722375807,32,28523480.65827781,60863.61546877721,False,447.11684296271875
ETA_HIGH,750,TIME_EARLY_DISCOUNT,258327972.8768522,3788372.263794663,138331.79634048324,26,15368830.050300598,52788.67036895211,False,266.3165579557373
ETA_HIGH,750,TIME_FLAT_THEN_SURGE,249909364.513875,4356027.429720748,159059.6322912869,30,23787438.413277805,45043.09113290431,False,499.0133845027537
ETA_HIGH,750,TIME_HIGH_EARLY_NORMALIZE,261469456.13314155,4246207.501352744,155049.5754892364,22,12227346.794011265,30140.38194247138,False,362.2055538734446
ETA_HIGH,750,TIME_LATE_SURGE,247047265.64335555,4424083.996766522,161544.70675510907,31,26649537.283797264,49578.3690246778,False,511.09394527688755
ETA_HIGH,750,TIME_MILD_INCREASE,259300420.56208086,4217084.29431016,153986.1463262953,25,14396382.365071952,34790.65338501637,False,376.1369228014154
ETA_HIGH,750,TIME_MODERATE_INCREASE,252416984.18791255,4390582.804386197,160321.4161704408,29,21279818.73924026,44632.804743123386,False,447.41722586312983
ETA_HIGH,750,VEL_01,262932234.228007,4095768.261551034,149556.31114434803,20,10764568.699145824,27906.999087736407,False,338.77650588089176
ETA_HIGH,750,VEL_02,263718547.47127363,4100751.0803963086,149738.25796311593,19,9978255.455879182,24244.64141602898,False,357.51910075961223
ETA_HIGH,750,VEL_03,264984026.03832763,4102522.0305729574,149802.92392044715,17,8712776.888825178,19763.761386416285,False,374.54630652096716
ETA_HIGH,750,VEL_04,266294078.56826213,4083572.8918466903,149110.99920540242,12,7402724.358890682,19092.336606163848,False,319.10139790551045
ETA_HIGH,750,VEL_05,267085908.94300872,4055898.040391374,148100.4565108903,8,6610893.984144092,22034.131808480062,False,240.56136958946874
ETA_HIGH,750,VEL_06,267566412.18427768,4008860.2283676234,146382.8784641506,6,6130390.742875129,27886.101330217003,False,172.84803017878048
ETA_HIGH,1500,HYB_01,266296585.34465998,4013336.378470334,103623.89971029328,11,7233178.417613447,16969.962532440353,False,349.0193539148885
ETA_HIGH,1500,HYB_02,266903317.75350764,4002275.8543565883,103338.31820567418,9,6626446.008765787,16590.260955707083,False,320.43576435461574
ETA_HIGH,1500,HYB_03,267213406.04943198,3945799.679148184,101880.10963207658,7,6316357.712841451,18237.4667670919,False,274.4912283153922
ETA_HIGH,1500,HYB_04,273529763.76227343,3846297.0466486653,99310.96270824703,1,0.0,0.0,True,
ETA_HIGH,1500,HYB_05,271768228.01389045,3794380.053344357,97970.4717052287,4,1761535.7483829856,10732.04181463133,False,42.04257657537234
ETA_HIGH,1500,HYB_06,265233884.19058987,4063418.089970993,104917.00394090405,14,8295879.571683556,22692.086031438437,False,307.84064997040275
ETA_HIGH,1500,HYB_07,271779896.4598223,3927865.329026066,101417.0467030898,3,1749867.3024511337,8072.09536557527,False,54.45107174332295
ETA_HIGH,1500,HYB_08,271956578.33631,3948237.8199529448,101943.06215696022,2,1573185.4259634018,11762.120016412338,False,22.34736314672689
ETA_HIGH,1500,INV_01,265022799.2635306,3955065.9563685847,102119.36388111625,15,8506964.498742819,23670.305311006847,False,304.0362743785602
ETA_HIGH,1500,INV_02,264946777.73515955,3952398.7554729595,102050.49705011795,16,8582986.027113885,23833.74128980071,False,305.14105528387427
ETA_HIGH,1500,INV_03,263970061.31198362,4004366.2038583206,103392.29079772727,18,9559702.450289816,23475.1148175656,False,351.40911794543615
ETA_HIGH,1500,INV_04,257366338.69923723,2787973.2211651565,71985.159034966,27,16163425.063036203,55503.764187285866,False,267.6051295248426
ETA_HIGH,1500,INV_05,266457512.81471378,3179699.053209559,82099.47652688075,10,7072250.947559655,41746.209494361814,False,138.02254045978958
ETA_HIGH,1500,INV_06,270412064.3146474,3846313.4519984755,99311.38629255771,5,3117699.4476260543,21071.157377052976,False,85.77442409561574
ETA_HIGH,1500,INV_07,265335016.80249622,3133376.353895068,80903.42957357144,13,8194746.959777206,43516.13384636798,False,158.20371188077306
ETA_HIGH,1500,INV_08,261051346.0202935,2899610.5520548536,74867.62252397162,23,12478417.741979927,50771.61207393613,False,219.9671081378145
ETA_HIGH,1500,STATIC_085,260537898.4195625,3489229.4280269505,90091.51643896807,24,12991865.342710942,41867.47471312809,False,279.01210579741024
ETA_HIGH,1500,STATIC_100,261841731.5525,4103394.067194794,105949.17923447836,21,11688032.209773421,23496.65638070776,False,441.66706032748215
ETA_HIGH,1500,STATIC_115,255040982.530125,4485066.369543621,115803.91570584937,28,18488781.23214844,31172.08754812432,False,551.0843040924555
ETA_HIGH,1500,STATIC_130,244945311.00325,4671200.838364128,120609.8870251626,32,28584452.759023428,42660.9664228167,False,639.322593635735
ETA_HIGH,1500,TIME_EARLY_DISCOUNT,258199856.90441284,3808755.1052520606,98341.63394949138,26,15329906.857860595,37541.776242430176,False,373.439277586292
ETA_HIGH,1500,TIME_FLAT_THEN_SURGE,249717565.04177085,4386657.444559379,113263.00818863505,30,23812198.720502585,32511.75280833812,False,692.1148113598599
ETA_HIGH,1500,TIME_HIGH_EARLY_NORMALIZE,261276406.11771885,4270010.145810388,110251.18788573558,22,12253357.644554585,21723.242357267733,False,503.7472954543655
ETA_HIGH,1500,TIME_LATE_SURGE,246845275.06735674,4446375.7367243795,114804.92786209504,31,26684488.694916695,35417.40280146047,False,716.4318563553485
ETA_HIGH,1500,TIME_MILD_INCREASE,259113463.03404346,4239922.448619707,109474.3268847673,25,14416300.72822997,25478.19691554328,False,514.3993396822075
ETA_HIGH,1500,TIME_MODERATE_INCREASE,252220530.32464078,4416944.956020426,114045.02837187974,29,21309233.43763265,32130.16596425556,False,622.4337714688417
ETA_HIGH,1500,VEL_01,262750666.93610546,4112326.275008404,106179.80784852487,20,10779096.82616797,20263.52394241336,False,467.28119918805214
ETA_HIGH,1500,VEL_02,263538372.40679464,4118072.1956733516,106328.16688215134,19,9991391.355478793,17616.30607493766,False,492.78539212303417
ETA_HIGH,1500,VEL_03,264806753.40481085,4121112.7055246993,106406.67250893968,17,8723010.357462585,14221.998316895138,False,521.2120781982786
ETA_HIGH,1500,VEL_04,266115529.89320177,4105391.3605000465,106000.74912586993,12,7414233.869071662,13371.862013651955,False,456.47351163649887
ETA_HIGH,1500,VEL_05,266903792.41578653,4079331.958875947,105327.89826918815,8,6625971.346486896,15170.178501654886,False,350.400510272557
ETA_HIGH,1500,VEL_06,267386636.09014484,4034757.7648692727,104176.99752879835,6,6143127.672128588,19136.176289378283,False,252.54755916049052
ETA_HIGH,3000,HYB_01,266344900.31721088,4007693.2782539288,73170.1337353835,11,7232648.38796106,11918.91554820471,False,496.8837395841655
ETA_HIGH,3000,HYB_02,266957301.51979488,3995627.025862818,72949.83511474477,8,6620247.185377061,11537.377652106681,False,460.23579074108244
ETA_HIGH,3000,HYB_03,267271917.46541512,3935519.679236392,71852.43012744225,7,6305631.239756823,12598.841627108888,False,396.4886875335591
ETA_HIGH,3000,HYB_04,273577548.70517194,3857190.3640565686,70422.33903284489,1,0.0,0.0,True,
ETA_HIGH,3000,HYB_05,271808348.54439366,3800086.846176004,69379.77620430873,4,1769200.160778284,7482.0343767394215,False,61.32918924077474
ETA_HIGH,3000,HYB_06,265283681.30056995,4076089.1434369567,74418.86567541106,14,8293867.404601991,15922.169440019843,False,438.6044484910367
ETA_HIGH,3000,HYB_07,271828990.0714719,3945269.3182610343,72030.43336815323,3,1748558.6337000132,5789.65209683182,False,75.69117587541511
ETA_HIGH,3000,HYB_08,272010767.1465474,3958536.940119139,72272.6658940243,2,1566781.5586245656,8239.758617938603,False,31.123302506096113
ETA_HIGH,3000,INV_01,265063924.1148468,3940660.777959099,71946.29331880184,15,8513624.590325147,16641.2626734753,False,432.85727009317065
ETA_HIGH,3000,INV_02,264987858.89285278,3937508.023553241,71888.7321619231,16,8589689.81231916,16752.728211885642,False,434.51768939780135
ETA_HIGH,3000,INV_03,264011691.1217156,3991914.762759824,72882.0587733813,18,9565857.583456337,16505.342852031594,False,500.17285910900904
ETA_HIGH,3000,INV_04,257418287.92189056,2781815.311390197,50788.76656205562,27,16159260.783281386,39398.716975338204,False,376.8886112203828
ETA_HIGH,3000,INV_05,266501001.6784052,3165676.8603629423,57797.087539763845,10,7076547.026766747,29812.865131209233,False,193.413613311161
ETA_HIGH,3000,INV_06,270454643.36486375,3836454.0482788314,70043.74743581098,5,3122905.3403081894,14850.281583248707,False,122.05642509644682
ETA_HIGH,3000,INV_07,265379148.92353764,3120582.514976505,56973.78120029449,13,8198399.781634301,31011.757157424297,False,222.1114620525148
ETA_HIGH,3000,INV_08,261098057.77819613,2896446.730332325,52881.64036050325,23,12479490.926975816,36084.023527957135,False,309.53194173983786
ETA_HIGH,3000,STATIC_085,260580765.30320314,3455989.843108961,63097.453185983926,24,12996783.401968807,29851.700523893775,False,391.4835717326568
ETA_HIGH,3000,STATIC_100,261887165.766875,4092852.457482295,74724.92051678356,21,11690382.938296944,16479.243828797247,False,629.88629742687
ETA_HIGH,3000,STATIC_115,255118887.61442187,4488687.924867119,81951.85433502584,28,18458661.09075007,22012.827490833573,False,779.0152373342136
ETA_HIGH,3000,STATIC_130,245017761.5153125,4701595.988659991,85839.00597549601,32,28559787.18985945,30402.432830353704,False,896.2918949062662
ETA_HIGH,3000,TIME_EARLY_DISCOUNT,258238452.55000296,3768819.9163142336,68808.92277800127,26,15339096.15516898,26599.674823687106,False,527.4035562305095
ETA_HIGH,3000,TIME_FLAT_THEN_SURGE,249803610.31598958,4373860.243987504,79855.39730023353,30,23773938.38918236,22926.33415414507,False,979.8167111919066
ETA_HIGH,3000,TIME_HIGH_EARLY_NORMALIZE,261332712.71272954,4278348.831423686,78111.60546155399,22,12244835.9924424,15292.992765109213,False,715.0008570466398
ETA_HIGH,3000,TIME_LATE_SURGE,246933841.86636505,4437348.761010217,81014.5337307632,31,26643706.838806897,24984.398870133035,False,1013.9677128878127
ETA_HIGH,3000,TIME_MILD_INCREASE,259179107.46815354,4235069.323901473,77321.43337663298,25,14398441.237018406,17796.357390701483,False,735.4374769566964
ETA_HIGH,3000,TIME_MODERATE_INCREASE,252303412.91466123,4407018.89904163,80460.78874522277,29,21274135.790510714,22566.112656280053,False,884.6806286936453
ETA_HIGH,3000,VEL_01,262797530.49896,4106471.7757961485,74973.57411206159,20,10780018.206211954,14209.130458035617,False,666.4507146019876
ETA_HIGH,3000,VEL_02,263586483.4222894,4115791.3836071775,75143.72609290165,19,9991065.282882541,12343.158059871723,False,703.282918536288
ETA_HIGH,3000,VEL_03,264856420.85927644,4124024.5607375633,75294.04265404324,17,8721127.845895499,9946.460759235702,False,745.0685190139636
ETA_HIGH,3000,VEL_04,266166203.047339,4117034.388585895,75166.42015509948,12,7411345.65783295,9445.281063425036,False,645.932350586861
ETA_HIGH,3000,VEL_05,266953015.33700863,4096677.680812604,74794.75922030039,9,6624533.368163317,10770.839065399012,False,493.3877739064705
ETA_HIGH,3000,VEL_06,267432975.4149139,4056822.140974934,74067.09994661248,6,6144573.29025805,13568.054083607118,False,356.2957666506883
ETA_LOW,750,HYB_01,261372364.83173507,4284615.827250138,156452.04925523722,19,20557556.548514903,55513.57380574972,False,346.7120232122428
ETA_LOW,750,HYB_02,262550158.25294665,4408449.115208942,160973.80160090857,17,19379763.127303332,50356.70227878354,False,358.8287010671697
ETA_LOW,750,HYB_03,263027440.2747177,4498687.68433457,164268.84825871492,15,18902481.10553229,47224.21002789402,False,372.5239244141902
ETA_LOW,750,HYB_04,257944377.31393403,4512828.798626114,164785.20874443074,25,23985544.06631595,48981.003535957796,False,462.9388818276954
ETA_LOW,750,HYB_05,256912488.98105028,4356632.018346687,159081.70874651606,26,25017432.399199694,53876.50431524643,False,440.02668031135806
ETA_LOW,750,HYB_06,270378037.267095,5120648.46718589,186979.64496879763,6,11551884.113154948,27927.62396482273,False,366.7175935723648
ETA_LOW,750,HYB_07,261333165.546548,4759505.12084765,173792.5544833073,20,20596755.83370197,41470.66062451749,False,465.0618650554741
ETA_LOW,750,HYB_08,263228691.24498776,4743581.619181166,173211.11041282702,13,18701230.13526222,38314.24500267218,False,453.9015991432968
ETA_LOW,750,INV_01,258470028.68303886,4019465.39060481,146770.1242363712,22,23459892.697211117,67688.28907511597,False,327.2288299981959
ETA_LOW,750,INV_02,258400303.91630813,4016804.5553905685,146672.96427179492,23,23529617.463941842,67907.63357534676,False,327.1986260676752
ETA_LOW,750,INV_03,259548382.9263023,4058633.0852446775,148200.32622835317,21,22381538.453947663,66019.30948539781,False,319.16730967970744
ETA_LOW,750,INV_04,233580927.04199928,3073791.9423935562,112239.01226177138,32,48348994.3382507,106653.75897653168,False,441.0408196678744
ETA_LOW,750,INV_05,243361662.57033724,3477753.008723458,126989.5848206199,29,38568258.80991274,90818.84992549011,False,410.24441271717006
ETA_LOW,750,INV_06,258209846.91714033,4078958.0333737195,148942.4883997131,24,23720074.463109642,64287.94018724049,False,348.5839076389657
ETA_LOW,750,INV_07,242176886.85721514,3421944.9297127663,124951.76190294081,30,39753034.52303484,92684.32152442071,False,414.7702743265441
ETA_LOW,750,INV_08,236535649.85800308,3198433.0122308885,116790.26063120362,31,45394271.5222469,101540.59751079582,False,434.15086718372555
ETA_LOW,750,STATIC_085,245866190.744625,3485919.0471322015,127287.76638341474,28,36063730.635624975,94057.80785556437,False,369.48976772253945
ETA_LOW,750,STATIC_100,261845240.70375,4142334.544076879,151256.67136825228,18,20084680.676499963,62059.67088908592,False,302.5209020439786
ETA_LOW,750,STATIC_115,273404897.2881875,4706228.624829061,171847.1719063596,3,8525024.092062473,30192.896272166516,False,238.95326133823488
ETA_LOW,750,STATIC_130,281929921.38025,5172221.166851622,188862.813699355,1,0.0,0.0,True,
ETA_LOW,750,TIME_EARLY_DISCOUNT,254177894.16971916,3848098.6477443315,140512.69552497976,27,27752027.210530818,84817.96171250679,False,311.7463992069809
ETA_LOW,750,TIME_FLAT_THEN_SURGE,273244141.4853333,4697557.720160854,171530.55523430934,4,8685779.894916654,40774.060354345726,False,180.88575854941374
ETA_LOW,750,TIME_HIGH_EARLY_NORMALIZE,267314565.63625008,4393681.581538735,160434.5675135826,8,14615355.743999898,45515.847463466525,False,292.31626844030484
ETA_LOW,750,TIME_LATE_SURGE,276050632.4213903,4856305.015851958,177327.18688717336,2,5879288.958859682,33094.19614271403,False,138.0591291770756
ETA_LOW,750,TIME_MILD_INCREASE,266157505.93966886,4345082.541768974,158659.98148991665,10,15772415.440581113,52629.61659086078,False,274.7898107338906
ETA_LOW,750,TIME_MODERATE_INCREASE,272973184.8109744,4694595.355537678,171422.38497246476,5,8956736.569275558,36990.573596750284,False,206.71221793019356
ETA_LOW,750,VEL_01,262568224.16027543,4236888.009941611,154709.27577787952,16,19361697.219974548,56910.80871194284,False,317.1869205507386
ETA_LOW,750,VEL_02,263219640.00551775,4326470.280367307,157980.35779552496,14,18710281.374732226,52306.30171183429,False,332.65491435450195
ETA_LOW,750,VEL_03,264338792.83851,4493938.368752455,164095.42777357926,12,17591128.54173997,44656.24555124774,False,364.580481009645
ETA_LOW,750,VEL_04,265651936.97739702,4714335.173517633,172143.18121170928,11,16277984.402852952,37462.09287882009,False,399.5412480741019
ETA_LOW,750,VEL_05,266640247.0161746,4903001.304849762,179032.29427623187,9,15289674.364075363,34747.5778887112,False,402.3112445496733
ETA_LOW,750,VEL_06,267887253.73474944,5162782.488312589,188518.16188943043,7,14042667.64550054,35822.3319392222,False,355.4300878156551
ETA_LOW,1500,HYB_01,261465214.2055445,4378408.6895802785,113050.02625089505,19,20584854.389393,39414.17092522901,False,489.02516222849505
ETA_LOW,1500,HYB_02,262651317.72270468,4500980.350194397,116214.81291939819,17,19398750.872232825,35798.20982160546,False,505.28833435504885
ETA_LOW,1500,HYB_03,263132077.0840916,4590095.451304347,118515.75493602769,15,18917991.5108459,33640.906393381345,False,523.400239172178
ETA_LOW,1500,HYB_04,258049900.03249985,4601846.610070166,118819.1685506854,25,24000168.562437654,34526.29547165654,False,657.1755004090443
ETA_LOW,1500,HYB_05,257010325.33708674,4450682.17714891,114916.11967573265,26,25039743.257850766,37917.91663347673,False,625.8099681119992
ETA_LOW,1500,HYB_06,270504513.2583426,5202052.791910453,134316.42552773986,6,11545555.33659488,19890.631358136805,False,514.5750325228682
ETA_LOW,1500,HYB_07,261447517.07060668,4849275.3525281055,125207.75121010302,20,20602551.524330825,29087.709217422096,False,663.2429636017707
ETA_LOW,1500,HYB_08,263342618.56966686,4832380.338659777,124771.5238277965,13,18707450.02527064,27070.858982029295,False,642.6510875860379
ETA_LOW,1500,INV_01,258543026.44078398,4119046.132960672,106353.3138347783,22,23507042.154153526,48084.14311678089,False,461.62222422605345
ETA_LOW,1500,INV_02,258473171.43895942,4115970.0818571453,106273.89053680468,23,23576897.155978084,48248.11620721042,False,461.50121181454983
ETA_LOW,1500,INV_03,259623518.6096932,4156542.542111112,107321.46695599318,21,22426549.985244304,46911.21996464644,False,450.13148118034024
ETA_LOW,1500,INV_04,233618108.85898733,3186605.6115114423,82277.80309543278,32,48431959.73595017,75477.49172168307,False,624.3136278445232
ETA_LOW,1500,INV_05,243414253.1739996,3573807.0420660507,92275.30104320403,29,38635815.420937896,64465.58273179675,False,578.9986032957455
ETA_LOW,1500,INV_06,258286505.20603323,4175087.502431818,107800.29577251432,24,23763563.388904274,45686.914145901595,False,491.4586758610664
ETA_LOW,1500,INV_07,242227430.77891663,3520639.0392529126,90902.5091135614,30,39822637.816020876,65742.75330328607,False,585.8030402191057
ETA_LOW,1500,INV_08,236577973.2399832,3304613.2157653025,85324.74633543969,31,45472095.3549543,71928.88131658701,False,613.9642586960299
ETA_LOW,1500,STATIC_085,245905327.226625,3594395.245394327,92806.88616732901,28,36144741.36831251,66989.27552685412,False,519.9997766174844
ETA_LOW,1500,STATIC_100,261924010.266875,4237638.110401003,109415.34552557967,18,20126058.328062505,44098.60193324781,False,426.6739634504213
ETA_LOW,1500,STATIC_115,273508656.9208125,4776188.840898278,123320.66559427159,3,8541411.674125016,21469.591278562348,False,336.80560201274477
ETA_LOW,1500,STATIC_130,282050068.5949375,5237923.104885077,135242.593026233,1,0.0,0.0,True,
ETA_LOW,1500,TIME_EARLY_DISCOUNT,254239254.52446398,3952562.3608736983,102054.72132340069,27,27810814.070473522,60459.46440046793,False,438.31815704419586
ETA_LOW,1500,TIME_FLAT_THEN_SURGE,273350659.92552084,4757881.349904722,122847.96820941234,4,8699408.669416666,28981.89327717292,False,254.95489684434426
ETA_LOW,1500,TIME_HIGH_EARLY_NORMALIZE,267404360.5028357,4482681.303639911,115742.3335690182,8,14645708.092101812,32318.717873330053,False,412.62079411031146
ETA_LOW,1500,TIME_LATE_SURGE,276158744.23684776,4910894.433526531,126798.7490402064,2,5891324.358089745,23539.87511773337,False,194.6055905818074
ETA_LOW,1500,TIME_MILD_INCREASE,266248697.52765608,4430169.881919642,114386.49449029635,10,15801371.067281425,37506.08388795468,False,386.36499752921594
ETA_LOW,1500,TIME_MODERATE_INCREASE,273075840.38250303,4759320.644736735,122885.13064217681,5,8974228.21243447,26396.437465555664,False,290.3382384025772
ETA_LOW,1500,VEL_01,262655797.81583908,4330711.96800857,111818.5021954556,16,19394270.77909842,40403.92506090816,False,447.5787363048509
ETA_LOW,1500,VEL_02,263315110.47580293,4420070.755917631,114125.73617818276,14,18734958.119134575,37092.24680751413,False,469.7646155266995
ETA_LOW,1500,VEL_03,264445557.96598738,4587850.860303422,118457.79984559017,12,17604510.62895012,31574.93783295621,False,516.0478116084172
ETA_LOW,1500,VEL_04,265766456.31377992,4807171.100953587,124120.62410908545,11,16283612.281157583,26354.002866374394,False,568.1595808612833
ETA_LOW,1500,VEL_05,266759805.26980355,4993978.858435211,128943.97966687666,9,15290263.32513395,24363.880178927804,False,573.797365767866
ETA_LOW,1500,VEL_06,268015509.146181,5250442.860967043,135565.85173825987,7,14034559.448756516,25296.45040306185,False,503.00442107226013
ETA_LOW,3000,HYB_01,261532857.07151952,4275085.725560653,78052.02957193031,19,20596784.432011753,27547.929190832852,False,700.1053051874575
ETA_LOW,3000,HYB_02,262722715.3110407,4392006.0151082715,80186.69223910585,16,19406926.192490578,25096.296885258173,False,721.0861911878104
ETA_LOW,3000,HYB_03,263206270.04098225,4477385.803943714,81745.50678244584,15,18923371.46254903,23623.503642194857,False,745.5726580924452
ETA_LOW,3000,HYB_04,258111787.79500785,4500381.579403386,82165.35028066539,25,24017853.708523422,24451.21499491876,False,928.6868016440513
ETA_LOW,3000,HYB_05,257064568.06805572,4353843.571282623,79489.94452801147,26,25065073.435475558,26684.444693356716,False,890.2092829688233
ETA_LOW,3000,HYB_06,270572705.5521297,5071834.510686127,92598.6056478656,6,11556935.951401591,14366.046223488032,False,713.2514216797847
ETA_LOW,3000,HYB_07,261512890.08314678,4738238.475017995,86508.00318687447,20,20616751.420384496,20819.610068552123,False,927.3189218354024
ETA_LOW,3000,HYB_08,263413941.74261016,4717420.812534901,86127.92640899049,13,18715699.76092112,19332.377067087506,False,900.3221198272465
ETA_LOW,3000,INV_01,258605645.8740381,4026881.528023764,73520.46164331624,22,23523995.629493177,33477.90411351014,False,663.5320567140137
ETA_LOW,3000,INV_02,258535624.0441447,4023809.416290021,73464.372813458,23,23594017.459386587,33597.17010474273,False,663.260754740164
ETA_LOW,3000,INV_03,259687365.4315805,4062631.2271719878,74173.15886489976,21,22442276.071950763,32662.6553134806,False,646.9756610586369
ETA_LOW,3000,INV_04,233648976.59435266,3149948.3564018556,57509.92565925396,32,48480664.909178615,52676.24049918573,False,895.4764311877292
ETA_LOW,3000,INV_05,243457590.87213972,3513402.99226201,64145.66908226838,29,38672050.631391555,45004.7880161678,False,830.1720599014543
ETA_LOW,3000,INV_06,258347245.35992417,4080027.9457796994,74490.7780385002,24,23782396.14360711,31836.243910079455,False,705.864144919154
ETA_LOW,3000,INV_07,242270111.0880243,3462780.59035218,63221.434700898164,30,39859530.41550699,45907.003173305915,False,839.7236737801564
ETA_LOW,3000,INV_08,236610682.34006682,3260137.3949772683,59521.69305983931,31,45518959.16346446,50248.2223944733,False,879.8047771287055
ETA_LOW,3000,STATIC_085,245954128.33028126,3533003.4683086127,64503.52317788718,28,36175513.17325002,46672.17112271348,False,747.0228891430611
ETA_LOW,3000,STATIC_100,261989239.93,4140620.461720281,75597.04096505513,18,20140401.57353127,30692.46680872581,False,613.5078236721157
ETA_LOW,3000,STATIC_115,273590020.31745315,4662626.2652911125,85127.51942386696,3,8539621.186078131,14930.37921400335,False,484.19990034254863
ETA_LOW,3000,STATIC_130,282129641.5035313,5112899.24066905,93348.34161218247,1,0.0,0.0,True,
ETA_LOW,3000,TIME_EARLY_DISCOUNT,254303191.7553936,3868106.155179069,70621.63320053848,27,27826449.748137683,42119.80993094781,False,629.5402741139517
ETA_LOW,3000,TIME_FLAT_THEN_SURGE,273442806.9411042,4643016.1034713825,84769.48849103389,4,8686834.562427104,20301.78657040508,False,363.3424811291705
ETA_LOW,3000,TIME_HIGH_EARLY_NORMALIZE,267471095.61909637,4377344.404133536,79919.00907043158,8,14658545.884434909,22513.07423122802,False,592.9093774024994
ETA_LOW,3000,TIME_LATE_SURGE,276252980.33419883,4786386.162233836,87387.05566620178,2,5876661.169332445,16428.81400529307,False,277.94630271424376
ETA_LOW,3000,TIME_MILD_INCREASE,266324380.33994308,4325915.127925291,78980.04324725093,10,15805261.163588196,26110.220356261278,False,555.1438443349267
ETA_LOW,3000,TIME_MODERATE_INCREASE,273163239.4028311,4642294.767126371,84756.31875144351,5,8966402.1007002,18353.645320176347,False,417.14160367382476
ETA_LOW,3000,VEL_01,262722200.7188791,4229400.433375362,77217.93406939371,17,19407440.784652174,28178.063882960676,False,642.2409928956927
ETA_LOW,3000,VEL_02,263382609.75642762,4314896.177725592,78778.86566110422,14,18747031.74710366,25943.794063844238,False,672.0951702597163
ETA_LOW,3000,VEL_03,264515548.9931379,4476210.326109746,81724.04559159545,12,17614092.51039338,22263.862197881386,False,732.2969980187708
ETA_LOW,3000,VEL_04,265837034.20651034,4689285.345816048,85614.2454160621,11,16292607.297020942,18801.550711953707,False,796.8637517177887
ETA_LOW,3000,VEL_05,266829285.4810347,4872661.425421189,88962.21925961539,9,15300356.022496581,17553.853868299397,False,796.9772944948569
ETA_LOW,3000,VEL_06,268077989.8373409,5126453.40400671,93595.80564578733,7,14051651.666190386,18250.13749752687,False,698.1491843190634
